id_vente,id_produit,nom_produit,id_client,nom_client,date_vente,quantite,montant_total,mode_paiement
1,2,Tecno Spark 10,5,Ibrahima Fall,2024-07-24 00:00:00,5,325000,MixByYas
2,2,Tecno Spark 10,8,Oumar Kane,2023-05-23 00:00:00,5,325000,MixByYas
3,8,Jeans homme,7,Khadija Diallo,2023-10-15 00:00:00,4,50000,Espèces
4,9,Cahier 200 pages,1,Moussa Diop,2024-08-30 00:00:00,5,7500,Espèces
5,6,Huile végétale 5L,1,Moussa Diop,2024-12-18 00:00:00,15,90000,Espèces
6,9,Cahier 200 pages,7,Khadija Diallo,2023-11-17 00:00:00,4,6000,Carte Bancaire
7,12,Sucre 1kg,8,Oumar Kane,2024-09-12 00:00:00,1,1200,Espèces
8,2,Tecno Spark 10,3,Papa Sow,2024-10-09 00:00:00,1,65000,Carte Bancaire
9,5,Riz 5kg,6,Adama Ba,2023-05-12 00:00:00,11,38500,Wave
10,5,Riz 5kg,6,Adama Ba,2023-01-22 00:00:00,3,10500,Wave
11,2,Tecno Spark 10,8,Oumar Kane,2023-02-27 00:00:00,2,130000,Espèces
12,3,Climatiseur 12000 BTU,4,Fatou Ndiaye,2024-07-02 00:00:00,2,900000,MixByYas
13,6,Huile végétale 5L,2,Amina Sy,2023-07-29 00:00:00,3,18000,Wave
14,5,Riz 5kg,4,Fatou Ndiaye,2024-06-30 00:00:00,2,4500,Wave
15,6,Huile végétale 5L,4,Fatou Ndiaye,2023-03-21 00:00:00,1,6000,Carte Bancaire
16,8,Jeans homme,1,Moussa Diop,2024-05-26 00:00:00,1,12500,Wave
17,9,Cahier 200 pages,2,Amina Sy,2023-04-12 00:00:00,5,7500,Wave
18,12,Sucre 1kg,7,Khadija Diallo,2024-12-19 00:00:00,4,4800,Carte Bancaire
19,7,Lait hydratant Nivea,3,Papa Sow,2023-08-25 00:00:00,1,7500,MixByYas
20,2,Tecno Spark 10,7,Khadija Diallo,2024-08-05 00:00:00,3,195000,Espèces
21,6,Huile végétale 5L,3,Papa Sow,2024-12-04 00:00:00,11,66000,Carte Bancaire
22,6,Huile végétale 5L,7,Khadija Diallo,2023-04-23 00:00:00,7,42000,Wave
23,1,Samsung Galaxy A23,2,Amina Sy,2023-11-09 00:00:00,1,85000,Carte Bancaire
24,6,Huile végétale 5L,5,Ibrahima Fall,2024-07-12 00:00:00,14,84000,Wave
25,7,Lait hydratant Nivea,6,Adama Ba,2024-12-30 00:00:00,1,7500,Espèces
26,4,Réfrigérateur 300L,6,Adama Ba,2024-12-17 00:00:00,1,325000,MixByYas
27,2,Tecno Spark 10,4,Fatou Ndiaye,2023-03-14 00:00:00,5,325000,Wave
28,2,Tecno Spark 10,2,Amina Sy,2024-12-12 00:00:00,3,195000,Espèces
29,5,Riz 5kg,7,Khadija Diallo,2023-05-08 00:00:00,4,14000,Espèces
30,2,Tecno Spark 10,7,Khadija Diallo,2023-09-06 00:00:00,5,325000,Espèces
31,2,Tecno Spark 10,3,Papa Sow,2024-12-13 00:00:00,4,260000,MixByYas
32,1,Samsung Galaxy A23,2,Amina Sy,2023-08-14 00:00:00,4,340000,Carte Bancaire
33,5,Riz 5kg,1,Moussa Diop,2023-04-26 00:00:00,14,49000,Carte Bancaire
34,4,Réfrigérateur 300L,2,Amina Sy,2024-06-13 00:00:00,2,650000,Wave
35,2,Tecno Spark 10,4,Fatou Ndiaye,2023-11-15 00:00:00,3,195000,Carte Bancaire
36,5,Riz 5kg,2,Amina Sy,2023-11-21 00:00:00,1,3500,Espèces
37,4,Réfrigérateur 300L,7,Khadija Diallo,2024-01-10 00:00:00,1,325000,Carte Bancaire
38,2,Tecno Spark 10,1,Moussa Diop,2024-04-06 00:00:00,2,130000,Wave
39,2,Tecno Spark 10,7,Khadija Diallo,2024-02-24 00:00:00,4,260000,MixByYas
40,2,Tecno Spark 10,4,Fatou Ndiaye,2024-10-26 00:00:00,3,195000,MixByYas
41,12,Sucre 1kg,7,Khadija Diallo,2024-01-02 00:00:00,3,3600,Carte Bancaire
42,5,Riz 5kg,5,Ibrahima Fall,2024-10-25 00:00:00,1,3500,MixByYas
43,9,Cahier 200 pages,1,Moussa Diop,2024-12-22 00:00:00,4,6000,Carte Bancaire
44,2,Tecno Spark 10,4,Fatou Ndiaye,2023-08-17 00:00:00,2,130000,Carte Bancaire
45,5,Riz 5kg,7,Khadija Diallo,2024-11-29 00:00:00,6,21000,Carte Bancaire
46,2,Tecno Spark 10,1,Moussa Diop,2023-07-16 00:00:00,3,195000,Espèces
47,5,Riz 5kg,6,Adama Ba,2023-12-30 00:00:00,6,21000,Espèces
48,6,Huile végétale 5L,5,Ibrahima Fall,2024-09-16 00:00:00,10,60000,Carte Bancaire
49,4,Réfrigérateur 300L,3,Papa Sow,2024-02-07 00:00:00,2,650000,Wave
50,4,Réfrigérateur 300L,3,Papa Sow,2023-01-21 00:00:00,1,325000,Espèces
51,1,Samsung Galaxy A23,3,Papa Sow,2023-05-01 00:00:00,3,255000,MixByYas
52,3,Climatiseur 12000 BTU,5,Ibrahima Fall,2024-11-29 00:00:00,2,900000,Wave
53,9,Cahier 200 pages,1,Moussa Diop,2024-04-30 00:00:00,4,6000,Wave
54,10,Ciment 50kg,7,Khadija Diallo,2024-08-02 00:00:00,3,165000,Wave
55,2,Tecno Spark 10,3,Papa Sow,2023-08-12 00:00:00,5,325000,Wave
56,9,Cahier 200 pages,6,Adama Ba,2024-01-19 00:00:00,1,1500,MixByYas
57,7,Lait hydratant Nivea,7,Khadija Diallo,2024-12-25 00:00:00,1,7500,Espèces
58,6,Huile végétale 5L,5,Ibrahima Fall,2024-08-02 00:00:00,3,18000,Espèces
59,6,Huile végétale 5L,3,Papa Sow,2024-12-31 00:00:00,4,24000,Wave
60,2,Tecno Spark 10,8,Oumar Kane,2024-10-17 00:00:00,4,260000,Espèces
61,11,iPhone 13,2,Amina Sy,2024-09-29 00:00:00,1,650000,MixByYas
62,5,Riz 5kg,3,Papa Sow,2024-01-12 00:00:00,9,31500,Wave
63,5,Riz 5kg,4,Fatou Ndiaye,2023-06-21 00:00:00,10,35000,Carte Bancaire
64,7,Lait hydratant Nivea,3,Papa Sow,2023-01-17 00:00:00,4,30000,MixByYas
65,2,Tecno Spark 10,3,Papa Sow,2023-08-15 00:00:00,1,65000,MixByYas
66,9,Cahier 200 pages,2,Amina Sy,2023-04-19 00:00:00,2,3000,Espèces
67,5,Riz 5kg,1,Moussa Diop,2024-01-04 00:00:00,4,14000,Carte Bancaire
68,2,Tecno Spark 10,7,Khadija Diallo,2024-11-19 00:00:00,4,260000,Carte Bancaire
69,5,Riz 5kg,6,Adama Ba,2023-05-23 00:00:00,15,52500,Espèces
70,2,Tecno Spark 10,7,Khadija Diallo,2023-12-18 00:00:00,5,325000,Carte Bancaire
71,5,Riz 5kg,2,Amina Sy,2023-12-16 00:00:00,1,3500,Espèces
72,7,Lait hydratant Nivea,2,Amina Sy,2024-04-03 00:00:00,3,22500,Wave
73,1,Samsung Galaxy A23,6,Adama Ba,2024-05-20 00:00:00,2,170000,Espèces
74,7,Lait hydratant Nivea,7,Khadija Diallo,2024-04-10 00:00:00,3,22500,MixByYas
75,6,Huile végétale 5L,5,Ibrahima Fall,2024-07-25 00:00:00,9,54000,Wave
76,8,Jeans homme,7,Khadija Diallo,2023-12-25 00:00:00,3,37500,Espèces
77,11,iPhone 13,4,Fatou Ndiaye,2024-12-16 00:00:00,1,650000,Espèces
78,6,Huile végétale 5L,7,Khadija Diallo,2023-12-12 00:00:00,12,72000,Wave
79,4,Réfrigérateur 300L,5,Ibrahima Fall,2023-06-08 00:00:00,1,325000,Carte Bancaire
80,5,Riz 5kg,8,Oumar Kane,2024-11-17 00:00:00,13,45500,Carte Bancaire
81,6,Huile végétale 5L,1,Moussa Diop,2024-12-05 00:00:00,15,90000,MixByYas
82,6,Huile végétale 5L,3,Papa Sow,2023-08-16 00:00:00,15,90000,Wave
83,2,Tecno Spark 10,2,Amina Sy,2023-07-06 00:00:00,4,260000,Wave
84,2,Tecno Spark 10,5,Ibrahima Fall,2024-08-20 00:00:00,1,65000,Wave
85,5,Riz 5kg,5,Ibrahima Fall,2024-10-17 00:00:00,4,14000,MixByYas
86,8,Jeans homme,6,Adama Ba,2023-04-14 00:00:00,5,62500,MixByYas
87,5,Riz 5kg,8,Oumar Kane,2024-09-21 00:00:00,14,49000,Wave
88,5,Riz 5kg,1,Moussa Diop,2023-10-01 00:00:00,11,38500,Espèces
89,6,Huile végétale 5L,3,Papa Sow,2023-12-18 00:00:00,7,42000,Carte Bancaire
90,6,Huile végétale 5L,2,Amina Sy,2023-08-09 00:00:00,4,24000,Carte Bancaire
91,6,Huile végétale 5L,6,Adama Ba,2024-01-11 00:00:00,1,6000,MixByYas
92,2,Tecno Spark 10,2,Amina Sy,2024-05-11 00:00:00,1,65000,Wave
93,5,Riz 5kg,4,Fatou Ndiaye,2023-05-02 00:00:00,9,31500,Wave
94,5,Riz 5kg,2,Amina Sy,2024-03-22 00:00:00,7,24500,Espèces
95,3,Climatiseur 12000 BTU,5,Ibrahima Fall,2024-05-11 00:00:00,1,450000,MixByYas
96,9,Cahier 200 pages,8,Oumar Kane,2023-05-21 00:00:00,2,3000,MixByYas
97,5,Riz 5kg,1,Moussa Diop,2024-12-03 00:00:00,1,3500,Wave
98,5,Riz 5kg,8,Oumar Kane,2023-11-09 00:00:00,11,38500,Wave
99,4,Réfrigérateur 300L,1,Moussa Diop,2024-04-17 00:00:00,2,650000,Carte Bancaire
100,5,Riz 5kg,4,Fatou Ndiaye,2023-09-05 00:00:00,7,24500,MixByYas
101,3,Climatiseur 12000 BTU,8,Oumar Kane,2023-01-31 00:00:00,3,1350000,Espèces
102,9,Cahier 200 pages,8,Oumar Kane,2023-06-21 00:00:00,1,1500,Wave
103,5,Riz 5kg,5,Ibrahima Fall,2024-07-10 00:00:00,11,36000,Espèces
104,6,Huile végétale 5L,2,Amina Sy,2024-08-02 00:00:00,9,54000,Carte Bancaire
105,9,Cahier 200 pages,4,Fatou Ndiaye,2024-08-01 00:00:00,2,3000,MixByYas
106,7,Lait hydratant Nivea,8,Oumar Kane,2024-06-29 00:00:00,4,30000,Espèces
107,9,Cahier 200 pages,6,Adama Ba,2023-03-14 00:00:00,1,1500,MixByYas
108,8,Jeans homme,6,Adama Ba,2024-10-14 00:00:00,4,50000,MixByYas
109,9,Cahier 200 pages,3,Papa Sow,2023-10-29 00:00:00,5,7500,Espèces
110,4,Réfrigérateur 300L,4,Fatou Ndiaye,2024-06-15 00:00:00,2,650000,MixByYas
111,1,Samsung Galaxy A23,6,Adama Ba,2024-11-17 00:00:00,2,170000,Carte Bancaire
112,2,Tecno Spark 10,6,Adama Ba,2024-07-25 00:00:00,1,65000,MixByYas
113,2,Tecno Spark 10,3,Papa Sow,2023-11-06 00:00:00,2,130000,Espèces
114,6,Huile végétale 5L,1,Moussa Diop,2023-12-04 00:00:00,13,78000,Wave
115,2,Tecno Spark 10,4,Fatou Ndiaye,2024-11-10 00:00:00,2,130000,Carte Bancaire
116,8,Jeans homme,8,Oumar Kane,2023-07-23 00:00:00,1,12500,Espèces
117,5,Riz 5kg,5,Ibrahima Fall,2024-02-22 00:00:00,2,7000,Carte Bancaire
118,6,Huile végétale 5L,4,Fatou Ndiaye,2024-08-30 00:00:00,9,54000,MixByYas
119,5,Riz 5kg,8,Oumar Kane,2023-08-01 00:00:00,6,21000,Carte Bancaire
120,9,Cahier 200 pages,5,Ibrahima Fall,2024-12-20 00:00:00,3,4500,Wave
121,5,Riz 5kg,2,Amina Sy,2024-11-20 00:00:00,8,28000,Carte Bancaire
122,12,Sucre 1kg,2,Amina Sy,2024-08-26 00:00:00,5,6000,Espèces
123,1,Samsung Galaxy A23,3,Papa Sow,2023-09-25 00:00:00,3,255000,Wave
124,6,Huile végétale 5L,6,Adama Ba,2024-03-25 00:00:00,8,48000,Wave
125,10,Ciment 50kg,6,Adama Ba,2023-03-03 00:00:00,2,110000,MixByYas
126,5,Riz 5kg,1,Moussa Diop,2024-12-01 00:00:00,11,38500,Carte Bancaire
127,9,Cahier 200 pages,8,Oumar Kane,2024-04-06 00:00:00,4,6000,Espèces
128,5,Riz 5kg,3,Papa Sow,2023-12-26 00:00:00,2,7000,MixByYas
129,9,Cahier 200 pages,2,Amina Sy,2023-08-07 00:00:00,3,4500,Espèces
130,1,Samsung Galaxy A23,8,Oumar Kane,2023-03-30 00:00:00,5,425000,MixByYas
131,5,Riz 5kg,5,Ibrahima Fall,2023-03-04 00:00:00,4,14000,Carte Bancaire
132,5,Riz 5kg,3,Papa Sow,2024-12-16 00:00:00,13,45500,MixByYas
133,8,Jeans homme,1,Moussa Diop,2024-12-18 00:00:00,1,12500,Carte Bancaire
134,2,Tecno Spark 10,2,Amina Sy,2023-12-08 00:00:00,2,130000,MixByYas
135,1,Samsung Galaxy A23,8,Oumar Kane,2023-05-23 00:00:00,1,85000,Espèces
136,4,Réfrigérateur 300L,3,Papa Sow,2023-03-29 00:00:00,3,975000,MixByYas
137,2,Tecno Spark 10,5,Ibrahima Fall,2023-03-09 00:00:00,2,130000,Wave
138,5,Riz 5kg,6,Adama Ba,2024-01-10 00:00:00,4,14000,Espèces
139,2,Tecno Spark 10,6,Adama Ba,2023-07-29 00:00:00,3,195000,Wave
140,5,Riz 5kg,3,Papa Sow,2024-09-21 00:00:00,15,52500,MixByYas
141,11,iPhone 13,5,Ibrahima Fall,2024-10-27 00:00:00,3,1950000,Espèces
142,5,Riz 5kg,3,Papa Sow,2024-02-19 00:00:00,6,21000,MixByYas
143,6,Huile végétale 5L,7,Khadija Diallo,2023-07-12 00:00:00,11,66000,Carte Bancaire
144,4,Réfrigérateur 300L,1,Moussa Diop,2023-05-02 00:00:00,3,975000,MixByYas
145,1,Samsung Galaxy A23,3,Papa Sow,2024-02-24 00:00:00,4,340000,MixByYas
146,1,Samsung Galaxy A23,2,Amina Sy,2023-09-03 00:00:00,1,85000,MixByYas
147,12,Sucre 1kg,5,Ibrahima Fall,2023-11-17 00:00:00,5,6000,MixByYas
148,8,Jeans homme,8,Oumar Kane,2023-12-21 00:00:00,1,12500,Wave
149,5,Riz 5kg,8,Oumar Kane,2023-07-14 00:00:00,6,21000,MixByYas
150,8,Jeans homme,4,Fatou Ndiaye,2023-08-06 00:00:00,5,62500,Carte Bancaire
151,5,Riz 5kg,3,Papa Sow,2024-07-05 00:00:00,13,43000,Espèces
152,2,Tecno Spark 10,1,Moussa Diop,2023-04-26 00:00:00,3,195000,MixByYas
153,9,Cahier 200 pages,5,Ibrahima Fall,2023-04-29 00:00:00,4,6000,Espèces
154,1,Samsung Galaxy A23,1,Moussa Diop,2024-12-15 00:00:00,1,85000,MixByYas
155,5,Riz 5kg,5,Ibrahima Fall,2024-12-24 00:00:00,7,24500,Wave
156,3,Climatiseur 12000 BTU,4,Fatou Ndiaye,2023-04-12 00:00:00,1,450000,Espèces
157,4,Réfrigérateur 300L,2,Amina Sy,2023-06-17 00:00:00,3,975000,MixByYas
158,6,Huile végétale 5L,5,Ibrahima Fall,2024-12-28 00:00:00,5,30000,Carte Bancaire
159,2,Tecno Spark 10,8,Oumar Kane,2024-08-09 00:00:00,3,195000,Wave
160,4,Réfrigérateur 300L,4,Fatou Ndiaye,2023-04-14 00:00:00,2,650000,MixByYas
161,1,Samsung Galaxy A23,4,Fatou Ndiaye,2023-03-24 00:00:00,3,255000,Carte Bancaire
162,3,Climatiseur 12000 BTU,2,Amina Sy,2024-09-14 00:00:00,1,449500,Espèces
163,2,Tecno Spark 10,7,Khadija Diallo,2023-07-10 00:00:00,5,325000,Carte Bancaire
164,5,Riz 5kg,2,Amina Sy,2023-04-19 00:00:00,9,31500,MixByYas
165,6,Huile végétale 5L,8,Oumar Kane,2024-08-30 00:00:00,9,54000,MixByYas
166,4,Réfrigérateur 300L,3,Papa Sow,2023-09-08 00:00:00,2,650000,MixByYas
167,4,Réfrigérateur 300L,4,Fatou Ndiaye,2023-03-20 00:00:00,1,325000,Carte Bancaire
168,2,Tecno Spark 10,8,Oumar Kane,2024-12-09 00:00:00,4,260000,Wave
169,6,Huile végétale 5L,1,Moussa Diop,2024-10-11 00:00:00,4,24000,MixByYas
170,5,Riz 5kg,8,Oumar Kane,2024-03-26 00:00:00,2,7000,Wave
171,5,Riz 5kg,3,Papa Sow,2024-04-25 00:00:00,11,38500,Espèces
172,4,Réfrigérateur 300L,6,Adama Ba,2023-05-12 00:00:00,2,650000,Carte Bancaire
173,2,Tecno Spark 10,2,Amina Sy,2024-03-05 00:00:00,5,325000,MixByYas
174,12,Sucre 1kg,8,Oumar Kane,2023-12-06 00:00:00,5,6000,MixByYas
175,8,Jeans homme,1,Moussa Diop,2023-01-28 00:00:00,5,62500,Carte Bancaire
176,6,Huile végétale 5L,5,Ibrahima Fall,2024-05-13 00:00:00,13,78000,Carte Bancaire
177,8,Jeans homme,8,Oumar Kane,2023-11-18 00:00:00,4,50000,MixByYas
178,5,Riz 5kg,1,Moussa Diop,2023-10-01 00:00:00,3,10500,Carte Bancaire
179,1,Samsung Galaxy A23,7,Khadija Diallo,2024-02-27 00:00:00,5,425000,Espèces
180,2,Tecno Spark 10,1,Moussa Diop,2024-09-06 00:00:00,2,130000,Wave
181,1,Samsung Galaxy A23,2,Amina Sy,2024-11-01 00:00:00,5,425000,Carte Bancaire
182,8,Jeans homme,6,Adama Ba,2023-05-18 00:00:00,4,50000,MixByYas
183,9,Cahier 200 pages,3,Papa Sow,2023-10-26 00:00:00,1,1500,Wave
184,1,Samsung Galaxy A23,6,Adama Ba,2023-08-21 00:00:00,4,340000,MixByYas
185,12,Sucre 1kg,2,Amina Sy,2023-03-03 00:00:00,1,1200,Carte Bancaire
186,2,Tecno Spark 10,3,Papa Sow,2023-03-10 00:00:00,4,260000,Wave
187,3,Climatiseur 12000 BTU,4,Fatou Ndiaye,2023-09-12 00:00:00,1,450000,MixByYas
188,5,Riz 5kg,6,Adama Ba,2024-05-24 00:00:00,1,3500,MixByYas
189,4,Réfrigérateur 300L,2,Amina Sy,2023-02-24 00:00:00,2,650000,Carte Bancaire
190,8,Jeans homme,1,Moussa Diop,2023-08-26 00:00:00,1,12500,Wave
191,1,Samsung Galaxy A23,1,Moussa Diop,2023-05-03 00:00:00,2,170000,MixByYas
192,6,Huile végétale 5L,7,Khadija Diallo,2023-07-26 00:00:00,6,36000,MixByYas
193,1,Samsung Galaxy A23,8,Oumar Kane,2024-05-27 00:00:00,5,425000,MixByYas
194,5,Riz 5kg,7,Khadija Diallo,2024-12-23 00:00:00,3,10500,Wave
195,2,Tecno Spark 10,4,Fatou Ndiaye,2024-09-13 00:00:00,4,260000,Carte Bancaire
196,10,Ciment 50kg,1,Moussa Diop,2024-03-21 00:00:00,2,110000,Wave
197,1,Samsung Galaxy A23,3,Papa Sow,2024-11-13 00:00:00,1,85000,Carte Bancaire
198,4,Réfrigérateur 300L,6,Adama Ba,2023-04-08 00:00:00,2,650000,Espèces
199,2,Tecno Spark 10,6,Adama Ba,2024-12-07 00:00:00,3,195000,Wave
200,7,Lait hydratant Nivea,3,Papa Sow,2024-11-30 00:00:00,3,22500,Espèces
201,1,Samsung Galaxy A23,3,Papa Sow,2023-04-03 00:00:00,1,85000,Espèces
202,5,Riz 5kg,4,Fatou Ndiaye,2023-04-16 00:00:00,3,10500,Espèces
203,1,Samsung Galaxy A23,7,Khadija Diallo,2023-07-21 00:00:00,3,255000,Wave
204,2,Tecno Spark 10,7,Khadija Diallo,2024-02-02 00:00:00,5,325000,MixByYas
205,2,Tecno Spark 10,3,Papa Sow,2023-09-02 00:00:00,1,65000,MixByYas
206,11,iPhone 13,3,Papa Sow,2024-10-05 00:00:00,1,650000,Wave
207,1,Samsung Galaxy A23,8,Oumar Kane,2023-06-02 00:00:00,3,255000,Carte Bancaire
208,5,Riz 5kg,6,Adama Ba,2024-12-08 00:00:00,13,45500,Espèces
209,1,Samsung Galaxy A23,1,Moussa Diop,2023-12-14 00:00:00,5,425000,Carte Bancaire
210,8,Jeans homme,2,Amina Sy,2023-07-20 00:00:00,4,50000,MixByYas
211,5,Riz 5kg,7,Khadija Diallo,2023-05-21 00:00:00,15,52500,Carte Bancaire
212,11,iPhone 13,5,Ibrahima Fall,2024-04-19 00:00:00,3,1950000,Carte Bancaire
213,4,Réfrigérateur 300L,6,Adama Ba,2023-06-23 00:00:00,2,650000,Wave
214,1,Samsung Galaxy A23,8,Oumar Kane,2024-05-04 00:00:00,5,425000,Espèces
215,5,Riz 5kg,5,Ibrahima Fall,2024-01-13 00:00:00,9,31500,Carte Bancaire
216,2,Tecno Spark 10,1,Moussa Diop,2023-10-09 00:00:00,3,195000,MixByYas
217,5,Riz 5kg,5,Ibrahima Fall,2023-04-26 00:00:00,14,49000,MixByYas
218,9,Cahier 200 pages,3,Papa Sow,2024-12-06 00:00:00,3,4500,MixByYas
219,1,Samsung Galaxy A23,2,Amina Sy,2024-02-01 00:00:00,3,255000,MixByYas
220,4,Réfrigérateur 300L,3,Papa Sow,2023-08-04 00:00:00,2,650000,Espèces
221,5,Riz 5kg,6,Adama Ba,2023-01-20 00:00:00,8,28000,Espèces
222,5,Riz 5kg,6,Adama Ba,2023-06-12 00:00:00,4,14000,Espèces
223,5,Riz 5kg,5,Ibrahima Fall,2023-12-20 00:00:00,1,3500,Carte Bancaire
224,9,Cahier 200 pages,3,Papa Sow,2024-11-25 00:00:00,5,7500,Wave
225,5,Riz 5kg,4,Fatou Ndiaye,2024-10-26 00:00:00,12,42000,MixByYas
226,2,Tecno Spark 10,3,Papa Sow,2024-12-20 00:00:00,2,130000,Carte Bancaire
227,2,Tecno Spark 10,3,Papa Sow,2023-01-25 00:00:00,3,195000,Wave
228,5,Riz 5kg,1,Moussa Diop,2023-01-21 00:00:00,5,17500,Espèces
229,9,Cahier 200 pages,7,Khadija Diallo,2023-10-10 00:00:00,4,6000,Espèces
230,2,Tecno Spark 10,5,Ibrahima Fall,2024-04-29 00:00:00,4,260000,Carte Bancaire
231,6,Huile végétale 5L,6,Adama Ba,2024-09-29 00:00:00,2,12000,Espèces
232,4,Réfrigérateur 300L,5,Ibrahima Fall,2023-12-14 00:00:00,1,325000,Carte Bancaire
233,12,Sucre 1kg,1,Moussa Diop,2024-08-21 00:00:00,1,1200,Carte Bancaire
234,5,Riz 5kg,6,Adama Ba,2024-08-30 00:00:00,7,24500,Espèces
235,6,Huile végétale 5L,4,Fatou Ndiaye,2024-05-09 00:00:00,2,12000,MixByYas
236,5,Riz 5kg,7,Khadija Diallo,2024-02-12 00:00:00,6,21000,Carte Bancaire
237,6,Huile végétale 5L,8,Oumar Kane,2024-12-28 00:00:00,2,12000,Espèces
238,7,Lait hydratant Nivea,8,Oumar Kane,2024-03-29 00:00:00,4,30000,Wave
239,1,Samsung Galaxy A23,7,Khadija Diallo,2024-02-10 00:00:00,3,255000,Wave
240,5,Riz 5kg,7,Khadija Diallo,2024-09-28 00:00:00,6,21000,Carte Bancaire
241,5,Riz 5kg,4,Fatou Ndiaye,2024-09-12 00:00:00,6,21000,MixByYas
242,5,Riz 5kg,7,Khadija Diallo,2023-12-12 00:00:00,13,45500,MixByYas
243,10,Ciment 50kg,8,Oumar Kane,2024-12-11 00:00:00,3,165000,Espèces
244,5,Riz 5kg,5,Ibrahima Fall,2024-06-22 00:00:00,14,46500,MixByYas
245,5,Riz 5kg,7,Khadija Diallo,2023-12-29 00:00:00,10,35000,MixByYas
246,5,Riz 5kg,7,Khadija Diallo,2023-09-23 00:00:00,11,38500,Carte Bancaire
247,2,Tecno Spark 10,2,Amina Sy,2024-11-05 00:00:00,1,65000,Espèces
248,4,Réfrigérateur 300L,4,Fatou Ndiaye,2023-04-29 00:00:00,3,975000,MixByYas
249,7,Lait hydratant Nivea,2,Amina Sy,2023-01-10 00:00:00,3,22500,Carte Bancaire
250,9,Cahier 200 pages,6,Adama Ba,2024-10-23 00:00:00,5,7500,Wave
251,2,Tecno Spark 10,4,Fatou Ndiaye,2023-04-09 00:00:00,3,195000,Wave
252,5,Riz 5kg,5,Ibrahima Fall,2023-04-18 00:00:00,1,3500,Wave
253,12,Sucre 1kg,2,Amina Sy,2024-12-03 00:00:00,5,6000,MixByYas
254,10,Ciment 50kg,4,Fatou Ndiaye,2024-01-07 00:00:00,3,165000,Carte Bancaire
255,7,Lait hydratant Nivea,2,Amina Sy,2023-01-08 00:00:00,2,15000,Wave
256,1,Samsung Galaxy A23,7,Khadija Diallo,2024-12-13 00:00:00,1,85000,MixByYas
257,4,Réfrigérateur 300L,3,Papa Sow,2023-11-02 00:00:00,3,975000,Espèces
258,6,Huile végétale 5L,1,Moussa Diop,2023-01-16 00:00:00,8,48000,Wave
259,6,Huile végétale 5L,2,Amina Sy,2023-01-14 00:00:00,11,66000,MixByYas
260,9,Cahier 200 pages,4,Fatou Ndiaye,2023-12-19 00:00:00,2,3000,Wave
261,3,Climatiseur 12000 BTU,7,Khadija Diallo,2023-05-10 00:00:00,1,450000,Wave
262,12,Sucre 1kg,2,Amina Sy,2024-08-26 00:00:00,5,6000,Wave
263,5,Riz 5kg,4,Fatou Ndiaye,2023-03-22 00:00:00,13,45500,Wave
264,8,Jeans homme,3,Papa Sow,2023-03-18 00:00:00,3,37500,Wave
265,12,Sucre 1kg,4,Fatou Ndiaye,2023-04-03 00:00:00,1,1200,Carte Bancaire
266,3,Climatiseur 12000 BTU,1,Moussa Diop,2023-03-29 00:00:00,3,1350000,Espèces
267,2,Tecno Spark 10,5,Ibrahima Fall,2024-12-25 00:00:00,4,260000,Carte Bancaire
268,1,Samsung Galaxy A23,8,Oumar Kane,2024-05-25 00:00:00,1,85000,Carte Bancaire
269,3,Climatiseur 12000 BTU,3,Papa Sow,2023-09-16 00:00:00,2,900000,Carte Bancaire
270,3,Climatiseur 12000 BTU,1,Moussa Diop,2023-07-10 00:00:00,3,1350000,Carte Bancaire
271,1,Samsung Galaxy A23,1,Moussa Diop,2024-02-24 00:00:00,3,255000,Espèces
272,5,Riz 5kg,2,Amina Sy,2023-05-10 00:00:00,4,14000,Carte Bancaire
273,5,Riz 5kg,5,Ibrahima Fall,2023-10-18 00:00:00,2,7000,Carte Bancaire
274,7,Lait hydratant Nivea,7,Khadija Diallo,2024-05-11 00:00:00,5,37500,Carte Bancaire
275,1,Samsung Galaxy A23,4,Fatou Ndiaye,2024-07-28 00:00:00,1,85000,Wave
276,4,Réfrigérateur 300L,7,Khadija Diallo,2024-07-03 00:00:00,1,325000,Espèces
277,6,Huile végétale 5L,3,Papa Sow,2024-09-07 00:00:00,12,72000,Carte Bancaire
278,4,Réfrigérateur 300L,1,Moussa Diop,2024-10-15 00:00:00,1,325000,Espèces
279,7,Lait hydratant Nivea,7,Khadija Diallo,2023-01-05 00:00:00,3,22500,Wave
280,2,Tecno Spark 10,1,Moussa Diop,2023-12-24 00:00:00,4,260000,Espèces
281,2,Tecno Spark 10,4,Fatou Ndiaye,2024-11-11 00:00:00,3,195000,MixByYas
282,5,Riz 5kg,6,Adama Ba,2024-09-07 00:00:00,12,42000,Wave
283,7,Lait hydratant Nivea,1,Moussa Diop,2024-12-11 00:00:00,2,15000,Carte Bancaire
284,3,Climatiseur 12000 BTU,2,Amina Sy,2024-12-02 00:00:00,2,900000,MixByYas
285,2,Tecno Spark 10,6,Adama Ba,2024-07-07 00:00:00,4,260000,Carte Bancaire
286,11,iPhone 13,7,Khadija Diallo,2024-10-21 00:00:00,1,650000,Carte Bancaire
287,2,Tecno Spark 10,5,Ibrahima Fall,2024-09-04 00:00:00,2,130000,Wave
288,5,Riz 5kg,3,Papa Sow,2024-10-14 00:00:00,12,42000,Carte Bancaire
289,6,Huile végétale 5L,7,Khadija Diallo,2023-11-29 00:00:00,1,6000,Espèces
290,12,Sucre 1kg,8,Oumar Kane,2024-03-22 00:00:00,2,2400,Wave
291,2,Tecno Spark 10,5,Ibrahima Fall,2023-04-24 00:00:00,2,130000,Carte Bancaire
292,9,Cahier 200 pages,7,Khadija Diallo,2023-04-14 00:00:00,1,1500,Carte Bancaire
293,11,iPhone 13,4,Fatou Ndiaye,2023-04-03 00:00:00,3,1950000,Carte Bancaire
294,9,Cahier 200 pages,8,Oumar Kane,2024-12-24 00:00:00,5,7500,MixByYas
295,2,Tecno Spark 10,6,Adama Ba,2024-05-03 00:00:00,4,260000,Wave
296,5,Riz 5kg,7,Khadija Diallo,2024-01-01 00:00:00,12,42000,Carte Bancaire
297,6,Huile végétale 5L,7,Khadija Diallo,2023-12-22 00:00:00,13,78000,MixByYas
298,2,Tecno Spark 10,2,Amina Sy,2024-03-08 00:00:00,5,325000,Carte Bancaire
299,2,Tecno Spark 10,1,Moussa Diop,2024-04-08 00:00:00,2,130000,Wave
300,2,Tecno Spark 10,2,Amina Sy,2023-03-30 00:00:00,2,130000,MixByYas
301,9,Cahier 200 pages,8,Oumar Kane,2024-03-25 00:00:00,2,3000,MixByYas
302,9,Cahier 200 pages,6,Adama Ba,2024-04-05 00:00:00,4,6000,Carte Bancaire
303,5,Riz 5kg,3,Papa Sow,2023-11-30 00:00:00,12,42000,Carte Bancaire
304,1,Samsung Galaxy A23,4,Fatou Ndiaye,2023-05-18 00:00:00,1,85000,Espèces
305,1,Samsung Galaxy A23,8,Oumar Kane,2023-07-27 00:00:00,1,85000,Carte Bancaire
306,2,Tecno Spark 10,1,Moussa Diop,2023-09-23 00:00:00,3,195000,Carte Bancaire
307,2,Tecno Spark 10,6,Adama Ba,2023-01-22 00:00:00,5,325000,Wave
308,2,Tecno Spark 10,2,Amina Sy,2023-04-19 00:00:00,4,260000,Wave
309,9,Cahier 200 pages,5,Ibrahima Fall,2024-09-03 00:00:00,4,6000,Wave
310,9,Cahier 200 pages,6,Adama Ba,2023-06-28 00:00:00,2,3000,Espèces
311,5,Riz 5kg,5,Ibrahima Fall,2023-02-21 00:00:00,14,49000,MixByYas
312,1,Samsung Galaxy A23,2,Amina Sy,2024-05-10 00:00:00,4,340000,MixByYas
313,9,Cahier 200 pages,2,Amina Sy,2023-05-19 00:00:00,3,4500,Espèces
314,7,Lait hydratant Nivea,5,Ibrahima Fall,2023-10-25 00:00:00,1,7500,Carte Bancaire
315,7,Lait hydratant Nivea,4,Fatou Ndiaye,2023-10-24 00:00:00,4,30000,Carte Bancaire
316,6,Huile végétale 5L,6,Adama Ba,2023-12-05 00:00:00,13,78000,Carte Bancaire
317,9,Cahier 200 pages,2,Amina Sy,2023-08-20 00:00:00,2,3000,Wave
318,2,Tecno Spark 10,4,Fatou Ndiaye,2024-01-08 00:00:00,4,260000,Espèces
319,5,Riz 5kg,4,Fatou Ndiaye,2024-12-05 00:00:00,11,38500,Carte Bancaire
320,2,Tecno Spark 10,3,Papa Sow,2023-10-10 00:00:00,5,325000,MixByYas
321,5,Riz 5kg,5,Ibrahima Fall,2023-05-11 00:00:00,5,17500,Carte Bancaire
322,6,Huile végétale 5L,6,Adama Ba,2023-12-02 00:00:00,5,30000,Carte Bancaire
323,9,Cahier 200 pages,2,Amina Sy,2023-12-27 00:00:00,3,4500,Wave
324,10,Ciment 50kg,5,Ibrahima Fall,2023-02-16 00:00:00,3,165000,MixByYas
325,1,Samsung Galaxy A23,2,Amina Sy,2024-12-05 00:00:00,5,425000,MixByYas
326,12,Sucre 1kg,7,Khadija Diallo,2024-11-22 00:00:00,2,2400,Carte Bancaire
327,2,Tecno Spark 10,7,Khadija Diallo,2024-08-05 00:00:00,4,260000,Wave
328,9,Cahier 200 pages,6,Adama Ba,2024-04-19 00:00:00,3,4500,Carte Bancaire
329,10,Ciment 50kg,6,Adama Ba,2024-11-20 00:00:00,3,165000,MixByYas
330,1,Samsung Galaxy A23,4,Fatou Ndiaye,2023-11-07 00:00:00,1,85000,MixByYas
331,5,Riz 5kg,8,Oumar Kane,2023-04-21 00:00:00,9,31500,Espèces
332,2,Tecno Spark 10,1,Moussa Diop,2023-10-20 00:00:00,2,130000,Wave
333,6,Huile végétale 5L,7,Khadija Diallo,2023-05-31 00:00:00,4,24000,MixByYas
334,6,Huile végétale 5L,7,Khadija Diallo,2023-07-11 00:00:00,5,30000,Carte Bancaire
335,3,Climatiseur 12000 BTU,6,Adama Ba,2023-07-27 00:00:00,3,1350000,Wave
336,5,Riz 5kg,8,Oumar Kane,2024-08-02 00:00:00,11,38500,Carte Bancaire
337,5,Riz 5kg,6,Adama Ba,2023-11-14 00:00:00,10,35000,Espèces
338,4,Réfrigérateur 300L,5,Ibrahima Fall,2023-12-06 00:00:00,2,650000,Carte Bancaire
339,12,Sucre 1kg,2,Amina Sy,2024-11-07 00:00:00,4,4800,MixByYas
340,4,Réfrigérateur 300L,6,Adama Ba,2023-10-17 00:00:00,1,325000,Espèces
341,4,Réfrigérateur 300L,6,Adama Ba,2023-10-16 00:00:00,2,650000,Espèces
342,4,Réfrigérateur 300L,2,Amina Sy,2024-01-28 00:00:00,2,650000,Carte Bancaire
343,5,Riz 5kg,7,Khadija Diallo,2024-12-11 00:00:00,3,10500,MixByYas
344,9,Cahier 200 pages,4,Fatou Ndiaye,2024-05-24 00:00:00,3,4500,Wave
345,11,iPhone 13,2,Amina Sy,2023-02-02 00:00:00,1,650000,Wave
346,3,Climatiseur 12000 BTU,3,Papa Sow,2024-10-23 00:00:00,2,900000,Wave
347,9,Cahier 200 pages,7,Khadija Diallo,2024-10-17 00:00:00,1,1500,Espèces
348,9,Cahier 200 pages,7,Khadija Diallo,2023-12-25 00:00:00,4,6000,MixByYas
349,2,Tecno Spark 10,3,Papa Sow,2024-08-08 00:00:00,2,130000,Wave
350,3,Climatiseur 12000 BTU,3,Papa Sow,2024-12-23 00:00:00,1,450000,Espèces
351,6,Huile végétale 5L,1,Moussa Diop,2024-02-16 00:00:00,13,78000,MixByYas
352,2,Tecno Spark 10,3,Papa Sow,2024-11-22 00:00:00,1,65000,Espèces
353,2,Tecno Spark 10,2,Amina Sy,2023-09-16 00:00:00,1,65000,MixByYas
354,1,Samsung Galaxy A23,6,Adama Ba,2023-12-13 00:00:00,4,340000,Espèces
355,5,Riz 5kg,2,Amina Sy,2024-11-15 00:00:00,1,3500,MixByYas
356,6,Huile végétale 5L,7,Khadija Diallo,2023-12-18 00:00:00,3,18000,Espèces
357,8,Jeans homme,3,Papa Sow,2023-07-07 00:00:00,5,62500,Espèces
358,9,Cahier 200 pages,8,Oumar Kane,2024-12-02 00:00:00,3,4500,Wave
359,1,Samsung Galaxy A23,7,Khadija Diallo,2023-10-06 00:00:00,3,255000,Carte Bancaire
360,5,Riz 5kg,8,Oumar Kane,2024-12-13 00:00:00,8,28000,MixByYas
361,2,Tecno Spark 10,4,Fatou Ndiaye,2023-01-27 00:00:00,4,260000,Wave
362,5,Riz 5kg,2,Amina Sy,2024-01-08 00:00:00,12,42000,Carte Bancaire
363,11,iPhone 13,5,Ibrahima Fall,2024-07-30 00:00:00,3,1950000,Wave
364,6,Huile végétale 5L,5,Ibrahima Fall,2023-11-01 00:00:00,7,42000,Espèces
365,1,Samsung Galaxy A23,6,Adama Ba,2023-10-10 00:00:00,5,425000,Espèces
366,4,Réfrigérateur 300L,7,Khadija Diallo,2023-04-17 00:00:00,2,650000,Espèces
367,2,Tecno Spark 10,6,Adama Ba,2023-12-19 00:00:00,1,65000,Carte Bancaire
368,1,Samsung Galaxy A23,2,Amina Sy,2024-02-12 00:00:00,3,255000,Wave
369,5,Riz 5kg,3,Papa Sow,2023-12-29 00:00:00,4,14000,Carte Bancaire
370,9,Cahier 200 pages,6,Adama Ba,2024-10-31 00:00:00,4,6000,MixByYas
371,2,Tecno Spark 10,7,Khadija Diallo,2024-09-11 00:00:00,4,260000,Wave
372,6,Huile végétale 5L,2,Amina Sy,2023-04-27 00:00:00,2,12000,Carte Bancaire
373,11,iPhone 13,7,Khadija Diallo,2024-07-07 00:00:00,3,1950000,Espèces
374,5,Riz 5kg,8,Oumar Kane,2024-12-06 00:00:00,3,10500,Wave
375,5,Riz 5kg,6,Adama Ba,2024-04-05 00:00:00,8,28000,Espèces
376,1,Samsung Galaxy A23,1,Moussa Diop,2023-05-13 00:00:00,4,340000,MixByYas
377,9,Cahier 200 pages,7,Khadija Diallo,2023-01-13 00:00:00,5,7500,Carte Bancaire
378,6,Huile végétale 5L,7,Khadija Diallo,2023-09-18 00:00:00,4,24000,Wave
379,6,Huile végétale 5L,6,Adama Ba,2024-11-11 00:00:00,5,30000,Wave
380,6,Huile végétale 5L,4,Fatou Ndiaye,2023-11-01 00:00:00,14,84000,Wave
381,1,Samsung Galaxy A23,5,Ibrahima Fall,2024-07-15 00:00:00,2,170000,MixByYas
382,5,Riz 5kg,5,Ibrahima Fall,2024-07-09 00:00:00,9,29000,Wave
383,4,Réfrigérateur 300L,6,Adama Ba,2023-12-29 00:00:00,1,325000,Wave
384,6,Huile végétale 5L,3,Papa Sow,2023-01-09 00:00:00,14,84000,Wave
385,7,Lait hydratant Nivea,7,Khadija Diallo,2023-02-07 00:00:00,1,7500,Espèces
386,6,Huile végétale 5L,6,Adama Ba,2024-10-24 00:00:00,6,36000,Wave
387,5,Riz 5kg,8,Oumar Kane,2023-09-23 00:00:00,14,49000,Carte Bancaire
388,9,Cahier 200 pages,8,Oumar Kane,2024-12-21 00:00:00,1,1500,Wave
389,3,Climatiseur 12000 BTU,3,Papa Sow,2024-07-01 00:00:00,2,900000,Carte Bancaire
390,7,Lait hydratant Nivea,2,Amina Sy,2023-04-15 00:00:00,1,7500,Carte Bancaire
391,5,Riz 5kg,1,Moussa Diop,2024-04-06 00:00:00,15,52500,MixByYas
392,9,Cahier 200 pages,2,Amina Sy,2024-10-22 00:00:00,1,1500,MixByYas
393,5,Riz 5kg,1,Moussa Diop,2024-08-22 00:00:00,3,10500,MixByYas
394,2,Tecno Spark 10,2,Amina Sy,2023-03-08 00:00:00,2,130000,MixByYas
395,2,Tecno Spark 10,1,Moussa Diop,2024-12-03 00:00:00,3,195000,Wave
396,1,Samsung Galaxy A23,6,Adama Ba,2024-01-07 00:00:00,2,170000,Espèces
397,2,Tecno Spark 10,7,Khadija Diallo,2024-10-08 00:00:00,2,130000,Espèces
398,4,Réfrigérateur 300L,3,Papa Sow,2024-12-01 00:00:00,2,650000,Wave
399,6,Huile végétale 5L,1,Moussa Diop,2024-12-25 00:00:00,14,84000,Carte Bancaire
400,5,Riz 5kg,7,Khadija Diallo,2024-01-30 00:00:00,14,49000,Carte Bancaire
401,9,Cahier 200 pages,5,Ibrahima Fall,2023-07-13 00:00:00,4,6000,Carte Bancaire
402,1,Samsung Galaxy A23,4,Fatou Ndiaye,2024-07-20 00:00:00,5,425000,Carte Bancaire
403,9,Cahier 200 pages,1,Moussa Diop,2024-02-20 00:00:00,1,1500,MixByYas
404,4,Réfrigérateur 300L,6,Adama Ba,2023-07-24 00:00:00,2,650000,MixByYas
405,6,Huile végétale 5L,2,Amina Sy,2024-12-25 00:00:00,14,84000,Espèces
406,9,Cahier 200 pages,8,Oumar Kane,2024-03-25 00:00:00,3,4500,Wave
407,11,iPhone 13,1,Moussa Diop,2024-12-11 00:00:00,1,650000,Carte Bancaire
408,1,Samsung Galaxy A23,4,Fatou Ndiaye,2024-12-15 00:00:00,2,170000,Carte Bancaire
409,6,Huile végétale 5L,3,Papa Sow,2024-08-08 00:00:00,15,90000,Wave
410,1,Samsung Galaxy A23,1,Moussa Diop,2024-12-15 00:00:00,5,425000,Wave
411,10,Ciment 50kg,1,Moussa Diop,2023-04-07 00:00:00,5,275000,Wave
412,5,Riz 5kg,8,Oumar Kane,2024-12-05 00:00:00,5,17500,MixByYas
413,4,Réfrigérateur 300L,4,Fatou Ndiaye,2024-10-29 00:00:00,3,975000,Wave
414,6,Huile végétale 5L,6,Adama Ba,2024-12-07 00:00:00,14,84000,Carte Bancaire
415,10,Ciment 50kg,4,Fatou Ndiaye,2024-12-06 00:00:00,1,55000,Carte Bancaire
416,6,Huile végétale 5L,3,Papa Sow,2023-03-22 00:00:00,5,30000,MixByYas
417,6,Huile végétale 5L,3,Papa Sow,2023-09-25 00:00:00,4,24000,Espèces
418,11,iPhone 13,1,Moussa Diop,2023-02-18 00:00:00,2,1300000,Carte Bancaire
419,6,Huile végétale 5L,5,Ibrahima Fall,2024-07-06 00:00:00,8,48000,Espèces
420,5,Riz 5kg,2,Amina Sy,2024-10-07 00:00:00,13,45500,Carte Bancaire
421,3,Climatiseur 12000 BTU,8,Oumar Kane,2024-03-11 00:00:00,1,450000,Espèces
422,1,Samsung Galaxy A23,2,Amina Sy,2024-06-27 00:00:00,1,85000,Espèces
423,4,Réfrigérateur 300L,2,Amina Sy,2024-07-25 00:00:00,2,650000,MixByYas
424,1,Samsung Galaxy A23,7,Khadija Diallo,2024-09-14 00:00:00,5,425000,Wave
425,11,iPhone 13,7,Khadija Diallo,2023-06-22 00:00:00,2,1300000,Carte Bancaire
426,6,Huile végétale 5L,4,Fatou Ndiaye,2024-11-15 00:00:00,9,54000,Espèces
427,4,Réfrigérateur 300L,3,Papa Sow,2023-01-27 00:00:00,2,650000,MixByYas
428,9,Cahier 200 pages,5,Ibrahima Fall,2023-01-09 00:00:00,2,3000,Carte Bancaire
429,5,Riz 5kg,6,Adama Ba,2023-01-17 00:00:00,9,31500,Espèces
430,9,Cahier 200 pages,2,Amina Sy,2024-07-24 00:00:00,1,1500,Wave
431,1,Samsung Galaxy A23,5,Ibrahima Fall,2023-12-12 00:00:00,5,425000,Carte Bancaire
432,2,Tecno Spark 10,3,Papa Sow,2024-12-19 00:00:00,3,195000,MixByYas
433,1,Samsung Galaxy A23,2,Amina Sy,2024-09-22 00:00:00,1,85000,Espèces
434,1,Samsung Galaxy A23,6,Adama Ba,2023-12-02 00:00:00,1,85000,Carte Bancaire
435,2,Tecno Spark 10,1,Moussa Diop,2024-01-28 00:00:00,2,130000,Wave
436,4,Réfrigérateur 300L,3,Papa Sow,2023-12-06 00:00:00,2,650000,Wave
437,3,Climatiseur 12000 BTU,6,Adama Ba,2024-07-16 00:00:00,1,450000,Carte Bancaire
438,2,Tecno Spark 10,4,Fatou Ndiaye,2023-05-22 00:00:00,5,325000,Carte Bancaire
439,3,Climatiseur 12000 BTU,1,Moussa Diop,2023-12-23 00:00:00,3,1350000,Carte Bancaire
440,6,Huile végétale 5L,5,Ibrahima Fall,2023-01-27 00:00:00,12,72000,Wave
441,5,Riz 5kg,2,Amina Sy,2023-08-16 00:00:00,4,14000,MixByYas
442,5,Riz 5kg,7,Khadija Diallo,2023-08-06 00:00:00,12,42000,MixByYas
443,5,Riz 5kg,7,Khadija Diallo,2023-03-12 00:00:00,11,38500,Carte Bancaire
444,2,Tecno Spark 10,4,Fatou Ndiaye,2024-05-01 00:00:00,4,260000,MixByYas
445,1,Samsung Galaxy A23,3,Papa Sow,2023-09-08 00:00:00,3,255000,Wave
446,7,Lait hydratant Nivea,2,Amina Sy,2023-09-16 00:00:00,1,7500,MixByYas
447,6,Huile végétale 5L,8,Oumar Kane,2024-06-27 00:00:00,14,84000,MixByYas
448,8,Jeans homme,3,Papa Sow,2024-12-07 00:00:00,4,50000,MixByYas
449,6,Huile végétale 5L,7,Khadija Diallo,2024-12-06 00:00:00,13,78000,Espèces
450,5,Riz 5kg,1,Moussa Diop,2024-07-29 00:00:00,13,43000,MixByYas
451,5,Riz 5kg,5,Ibrahima Fall,2023-05-15 00:00:00,2,7000,MixByYas
452,4,Réfrigérateur 300L,6,Adama Ba,2024-03-11 00:00:00,1,325000,MixByYas
453,2,Tecno Spark 10,6,Adama Ba,2024-05-22 00:00:00,5,325000,Carte Bancaire
454,1,Samsung Galaxy A23,6,Adama Ba,2023-07-27 00:00:00,1,85000,Carte Bancaire
455,2,Tecno Spark 10,7,Khadija Diallo,2023-01-03 00:00:00,5,325000,Carte Bancaire
456,6,Huile végétale 5L,4,Fatou Ndiaye,2024-08-02 00:00:00,11,66000,Wave
457,5,Riz 5kg,8,Oumar Kane,2023-03-11 00:00:00,4,14000,MixByYas
458,2,Tecno Spark 10,6,Adama Ba,2023-03-21 00:00:00,4,260000,Wave
459,8,Jeans homme,7,Khadija Diallo,2023-06-28 00:00:00,3,37500,Wave
460,2,Tecno Spark 10,7,Khadija Diallo,2024-05-14 00:00:00,4,260000,Wave
461,5,Riz 5kg,5,Ibrahima Fall,2024-02-23 00:00:00,9,31500,MixByYas
462,1,Samsung Galaxy A23,3,Papa Sow,2023-12-23 00:00:00,3,255000,Espèces
463,7,Lait hydratant Nivea,1,Moussa Diop,2023-12-10 00:00:00,1,7500,MixByYas
464,2,Tecno Spark 10,5,Ibrahima Fall,2024-12-16 00:00:00,5,325000,Wave
465,1,Samsung Galaxy A23,8,Oumar Kane,2023-02-27 00:00:00,2,170000,Espèces
466,12,Sucre 1kg,1,Moussa Diop,2024-11-26 00:00:00,5,6000,Espèces
467,12,Sucre 1kg,5,Ibrahima Fall,2023-10-13 00:00:00,5,6000,Espèces
468,3,Climatiseur 12000 BTU,3,Papa Sow,2024-09-08 00:00:00,1,449500,Wave
469,2,Tecno Spark 10,2,Amina Sy,2023-09-01 00:00:00,5,325000,Espèces
470,3,Climatiseur 12000 BTU,7,Khadija Diallo,2024-06-20 00:00:00,3,1350000,Carte Bancaire
471,2,Tecno Spark 10,8,Oumar Kane,2023-09-21 00:00:00,4,260000,Espèces
472,2,Tecno Spark 10,5,Ibrahima Fall,2023-12-22 00:00:00,3,195000,Carte Bancaire
473,9,Cahier 200 pages,3,Papa Sow,2023-10-28 00:00:00,3,4500,MixByYas
474,5,Riz 5kg,5,Ibrahima Fall,2023-08-31 00:00:00,9,31500,MixByYas
475,7,Lait hydratant Nivea,8,Oumar Kane,2023-06-23 00:00:00,3,22500,Espèces
476,2,Tecno Spark 10,5,Ibrahima Fall,2024-12-21 00:00:00,4,260000,Carte Bancaire
477,9,Cahier 200 pages,2,Amina Sy,2024-10-25 00:00:00,3,4500,Espèces
478,2,Tecno Spark 10,8,Oumar Kane,2024-07-07 00:00:00,5,325000,MixByYas
479,5,Riz 5kg,7,Khadija Diallo,2024-12-09 00:00:00,13,45500,Espèces
480,6,Huile végétale 5L,3,Papa Sow,2023-03-24 00:00:00,1,6000,Espèces
481,12,Sucre 1kg,3,Papa Sow,2024-10-23 00:00:00,5,6000,Espèces
482,9,Cahier 200 pages,1,Moussa Diop,2024-02-25 00:00:00,1,1500,Espèces
483,6,Huile végétale 5L,2,Amina Sy,2023-12-18 00:00:00,6,36000,MixByYas
484,3,Climatiseur 12000 BTU,5,Ibrahima Fall,2024-10-23 00:00:00,3,1350000,Wave
485,2,Tecno Spark 10,3,Papa Sow,2024-06-11 00:00:00,3,195000,MixByYas
486,6,Huile végétale 5L,6,Adama Ba,2023-05-08 00:00:00,11,66000,MixByYas
487,5,Riz 5kg,2,Amina Sy,2023-09-15 00:00:00,15,52500,MixByYas
488,5,Riz 5kg,3,Papa Sow,2024-08-27 00:00:00,3,10500,MixByYas
489,2,Tecno Spark 10,6,Adama Ba,2024-06-25 00:00:00,1,65000,Wave
490,9,Cahier 200 pages,1,Moussa Diop,2023-05-09 00:00:00,1,1500,Wave
491,1,Samsung Galaxy A23,5,Ibrahima Fall,2023-11-20 00:00:00,4,340000,MixByYas
492,9,Cahier 200 pages,3,Papa Sow,2024-09-14 00:00:00,4,6000,Espèces
493,5,Riz 5kg,1,Moussa Diop,2023-12-25 00:00:00,13,45500,Espèces
494,2,Tecno Spark 10,4,Fatou Ndiaye,2023-10-04 00:00:00,5,325000,Espèces
495,2,Tecno Spark 10,4,Fatou Ndiaye,2023-12-24 00:00:00,1,65000,Carte Bancaire
496,5,Riz 5kg,7,Khadija Diallo,2023-03-01 00:00:00,8,28000,Wave
497,5,Riz 5kg,7,Khadija Diallo,2023-02-14 00:00:00,14,49000,Carte Bancaire
498,1,Samsung Galaxy A23,8,Oumar Kane,2024-07-10 00:00:00,5,425000,Espèces
499,5,Riz 5kg,4,Fatou Ndiaye,2023-09-14 00:00:00,2,7000,MixByYas
500,4,Réfrigérateur 300L,5,Ibrahima Fall,2023-12-02 00:00:00,3,975000,MixByYas
501,1,Samsung Galaxy A23,1,Moussa Diop,2023-03-14 00:00:00,3,255000,Carte Bancaire
502,1,Samsung Galaxy A23,8,Oumar Kane,2023-12-07 00:00:00,4,340000,Carte Bancaire
503,6,Huile végétale 5L,5,Ibrahima Fall,2023-11-22 00:00:00,13,78000,Espèces
504,5,Riz 5kg,1,Moussa Diop,2023-04-15 00:00:00,2,7000,Carte Bancaire
505,5,Riz 5kg,1,Moussa Diop,2024-08-13 00:00:00,5,17500,MixByYas
506,2,Tecno Spark 10,1,Moussa Diop,2024-12-28 00:00:00,4,260000,Espèces
507,4,Réfrigérateur 300L,2,Amina Sy,2023-05-16 00:00:00,2,650000,Espèces
508,6,Huile végétale 5L,8,Oumar Kane,2023-07-19 00:00:00,11,66000,Wave
509,11,iPhone 13,6,Adama Ba,2024-05-21 00:00:00,3,1950000,MixByYas
510,8,Jeans homme,2,Amina Sy,2023-12-05 00:00:00,1,12500,Espèces
511,6,Huile végétale 5L,1,Moussa Diop,2024-11-08 00:00:00,11,66000,Wave
512,5,Riz 5kg,7,Khadija Diallo,2024-07-28 00:00:00,7,22000,Carte Bancaire
513,9,Cahier 200 pages,8,Oumar Kane,2023-07-24 00:00:00,1,1500,MixByYas
514,12,Sucre 1kg,2,Amina Sy,2024-07-28 00:00:00,2,2400,MixByYas
515,6,Huile végétale 5L,7,Khadija Diallo,2023-06-03 00:00:00,11,66000,Carte Bancaire
516,4,Réfrigérateur 300L,7,Khadija Diallo,2024-12-04 00:00:00,1,325000,Espèces
517,4,Réfrigérateur 300L,2,Amina Sy,2024-06-21 00:00:00,1,325000,Espèces
518,1,Samsung Galaxy A23,5,Ibrahima Fall,2023-12-10 00:00:00,1,85000,Espèces
519,9,Cahier 200 pages,3,Papa Sow,2024-01-17 00:00:00,5,7500,Wave
520,1,Samsung Galaxy A23,3,Papa Sow,2023-01-19 00:00:00,3,255000,Espèces
521,2,Tecno Spark 10,1,Moussa Diop,2024-02-06 00:00:00,4,260000,Carte Bancaire
522,5,Riz 5kg,4,Fatou Ndiaye,2024-12-24 00:00:00,6,21000,MixByYas
523,10,Ciment 50kg,3,Papa Sow,2023-12-05 00:00:00,2,110000,MixByYas
524,4,Réfrigérateur 300L,8,Oumar Kane,2024-06-13 00:00:00,1,325000,Carte Bancaire
525,1,Samsung Galaxy A23,8,Oumar Kane,2024-07-25 00:00:00,3,255000,Espèces
526,12,Sucre 1kg,5,Ibrahima Fall,2023-08-28 00:00:00,1,1200,Wave
527,3,Climatiseur 12000 BTU,3,Papa Sow,2024-06-25 00:00:00,3,1350000,Wave
528,5,Riz 5kg,2,Amina Sy,2024-04-08 00:00:00,11,38500,Espèces
529,6,Huile végétale 5L,1,Moussa Diop,2023-04-21 00:00:00,10,60000,Carte Bancaire
530,4,Réfrigérateur 300L,1,Moussa Diop,2023-04-23 00:00:00,1,325000,MixByYas
531,4,Réfrigérateur 300L,6,Adama Ba,2023-12-07 00:00:00,1,325000,Espèces
532,1,Samsung Galaxy A23,5,Ibrahima Fall,2024-10-07 00:00:00,4,340000,Carte Bancaire
533,6,Huile végétale 5L,3,Papa Sow,2023-09-07 00:00:00,7,42000,MixByYas
534,2,Tecno Spark 10,7,Khadija Diallo,2023-11-11 00:00:00,1,65000,Carte Bancaire
535,3,Climatiseur 12000 BTU,5,Ibrahima Fall,2024-05-02 00:00:00,1,450000,Espèces
536,9,Cahier 200 pages,7,Khadija Diallo,2024-12-20 00:00:00,1,1500,Carte Bancaire
537,1,Samsung Galaxy A23,3,Papa Sow,2023-10-28 00:00:00,1,85000,Wave
538,2,Tecno Spark 10,8,Oumar Kane,2023-06-27 00:00:00,4,260000,MixByYas
539,6,Huile végétale 5L,8,Oumar Kane,2023-06-01 00:00:00,3,18000,MixByYas
540,5,Riz 5kg,4,Fatou Ndiaye,2023-07-29 00:00:00,5,17500,Espèces
541,6,Huile végétale 5L,6,Adama Ba,2023-04-08 00:00:00,15,90000,Wave
542,2,Tecno Spark 10,7,Khadija Diallo,2023-06-06 00:00:00,2,130000,MixByYas
543,9,Cahier 200 pages,3,Papa Sow,2024-03-26 00:00:00,2,3000,Espèces
544,9,Cahier 200 pages,2,Amina Sy,2024-10-25 00:00:00,5,7500,Espèces
545,5,Riz 5kg,8,Oumar Kane,2023-05-06 00:00:00,12,42000,MixByYas
546,12,Sucre 1kg,6,Adama Ba,2023-04-14 00:00:00,5,6000,MixByYas
547,2,Tecno Spark 10,2,Amina Sy,2023-01-22 00:00:00,1,65000,MixByYas
548,5,Riz 5kg,6,Adama Ba,2024-10-08 00:00:00,11,38500,Wave
549,3,Climatiseur 12000 BTU,6,Adama Ba,2024-12-05 00:00:00,1,450000,MixByYas
550,1,Samsung Galaxy A23,8,Oumar Kane,2023-02-14 00:00:00,2,170000,Espèces
551,11,iPhone 13,7,Khadija Diallo,2023-12-02 00:00:00,2,1300000,Wave
552,5,Riz 5kg,1,Moussa Diop,2023-03-24 00:00:00,6,21000,Espèces
553,8,Jeans homme,5,Ibrahima Fall,2024-12-10 00:00:00,3,37500,Wave
554,4,Réfrigérateur 300L,2,Amina Sy,2023-01-24 00:00:00,1,325000,MixByYas
555,6,Huile végétale 5L,7,Khadija Diallo,2024-12-30 00:00:00,9,54000,Carte Bancaire
556,6,Huile végétale 5L,6,Adama Ba,2023-01-15 00:00:00,3,18000,Carte Bancaire
557,12,Sucre 1kg,6,Adama Ba,2023-03-29 00:00:00,1,1200,MixByYas
558,2,Tecno Spark 10,4,Fatou Ndiaye,2024-11-03 00:00:00,2,130000,Carte Bancaire
559,9,Cahier 200 pages,5,Ibrahima Fall,2023-12-12 00:00:00,1,1500,MixByYas
560,5,Riz 5kg,2,Amina Sy,2023-04-13 00:00:00,9,31500,Espèces
561,3,Climatiseur 12000 BTU,8,Oumar Kane,2024-12-18 00:00:00,2,900000,Wave
562,1,Samsung Galaxy A23,4,Fatou Ndiaye,2024-12-15 00:00:00,5,425000,MixByYas
563,6,Huile végétale 5L,8,Oumar Kane,2024-12-18 00:00:00,13,78000,Espèces
564,2,Tecno Spark 10,2,Amina Sy,2023-12-12 00:00:00,1,65000,Espèces
565,2,Tecno Spark 10,3,Papa Sow,2023-03-20 00:00:00,5,325000,Espèces
566,2,Tecno Spark 10,8,Oumar Kane,2024-05-21 00:00:00,5,325000,Espèces
567,6,Huile végétale 5L,8,Oumar Kane,2024-05-23 00:00:00,13,78000,MixByYas
568,10,Ciment 50kg,5,Ibrahima Fall,2023-01-15 00:00:00,4,220000,Carte Bancaire
569,5,Riz 5kg,4,Fatou Ndiaye,2023-12-20 00:00:00,7,24500,Carte Bancaire
570,6,Huile végétale 5L,5,Ibrahima Fall,2023-03-17 00:00:00,6,36000,Espèces
571,3,Climatiseur 12000 BTU,5,Ibrahima Fall,2023-09-28 00:00:00,3,1350000,MixByYas
572,8,Jeans homme,2,Amina Sy,2023-09-23 00:00:00,4,50000,Espèces
573,2,Tecno Spark 10,6,Adama Ba,2023-10-19 00:00:00,1,65000,Wave
574,3,Climatiseur 12000 BTU,2,Amina Sy,2024-05-21 00:00:00,3,1350000,Carte Bancaire
575,6,Huile végétale 5L,7,Khadija Diallo,2023-01-18 00:00:00,13,78000,Carte Bancaire
576,9,Cahier 200 pages,4,Fatou Ndiaye,2024-04-29 00:00:00,5,7500,Wave
577,9,Cahier 200 pages,3,Papa Sow,2023-08-22 00:00:00,3,4500,Wave
578,4,Réfrigérateur 300L,4,Fatou Ndiaye,2024-10-20 00:00:00,3,975000,Carte Bancaire
579,1,Samsung Galaxy A23,6,Adama Ba,2023-06-19 00:00:00,3,255000,Carte Bancaire
580,5,Riz 5kg,1,Moussa Diop,2024-12-30 00:00:00,5,17500,Espèces
581,3,Climatiseur 12000 BTU,8,Oumar Kane,2024-12-02 00:00:00,1,450000,Carte Bancaire
582,6,Huile végétale 5L,6,Adama Ba,2024-12-10 00:00:00,13,78000,Espèces
583,12,Sucre 1kg,8,Oumar Kane,2023-06-21 00:00:00,4,4800,Wave
584,7,Lait hydratant Nivea,3,Papa Sow,2023-09-05 00:00:00,3,22500,MixByYas
585,5,Riz 5kg,1,Moussa Diop,2024-05-10 00:00:00,15,52500,Espèces
586,11,iPhone 13,1,Moussa Diop,2024-07-24 00:00:00,1,650000,Wave
587,3,Climatiseur 12000 BTU,5,Ibrahima Fall,2023-10-01 00:00:00,2,900000,MixByYas
588,8,Jeans homme,6,Adama Ba,2023-01-15 00:00:00,3,37500,Carte Bancaire
589,6,Huile végétale 5L,6,Adama Ba,2023-05-14 00:00:00,8,48000,Carte Bancaire
590,5,Riz 5kg,2,Amina Sy,2024-05-15 00:00:00,10,35000,Wave
591,5,Riz 5kg,2,Amina Sy,2024-07-20 00:00:00,10,32500,Wave
592,9,Cahier 200 pages,3,Papa Sow,2024-10-06 00:00:00,4,6000,Wave
593,12,Sucre 1kg,4,Fatou Ndiaye,2023-07-25 00:00:00,1,1200,MixByYas
594,9,Cahier 200 pages,7,Khadija Diallo,2023-06-10 00:00:00,1,1500,Carte Bancaire
595,2,Tecno Spark 10,7,Khadija Diallo,2024-12-04 00:00:00,1,65000,MixByYas
596,2,Tecno Spark 10,8,Oumar Kane,2024-07-06 00:00:00,5,325000,Wave
597,11,iPhone 13,3,Papa Sow,2024-12-01 00:00:00,1,650000,MixByYas
598,6,Huile végétale 5L,3,Papa Sow,2023-01-30 00:00:00,3,18000,Wave
599,5,Riz 5kg,1,Moussa Diop,2023-11-27 00:00:00,8,28000,Espèces
600,5,Riz 5kg,1,Moussa Diop,2023-10-13 00:00:00,1,3500,MixByYas
601,8,Jeans homme,2,Amina Sy,2024-04-09 00:00:00,4,50000,Espèces
602,3,Climatiseur 12000 BTU,2,Amina Sy,2023-07-16 00:00:00,3,1350000,Carte Bancaire
603,5,Riz 5kg,5,Ibrahima Fall,2024-10-07 00:00:00,9,31500,Espèces
604,3,Climatiseur 12000 BTU,2,Amina Sy,2023-04-14 00:00:00,1,450000,Espèces
605,3,Climatiseur 12000 BTU,5,Ibrahima Fall,2023-01-26 00:00:00,1,450000,Wave
606,6,Huile végétale 5L,5,Ibrahima Fall,2024-08-25 00:00:00,10,60000,Wave
607,6,Huile végétale 5L,2,Amina Sy,2023-01-28 00:00:00,13,78000,Carte Bancaire
608,6,Huile végétale 5L,8,Oumar Kane,2023-06-16 00:00:00,15,90000,MixByYas
609,6,Huile végétale 5L,2,Amina Sy,2024-04-30 00:00:00,8,48000,Wave
610,9,Cahier 200 pages,8,Oumar Kane,2024-07-16 00:00:00,4,6000,Espèces
611,4,Réfrigérateur 300L,4,Fatou Ndiaye,2024-04-08 00:00:00,1,325000,Espèces
612,2,Tecno Spark 10,3,Papa Sow,2024-07-18 00:00:00,3,195000,Espèces
613,8,Jeans homme,3,Papa Sow,2023-10-27 00:00:00,3,37500,Espèces
614,4,Réfrigérateur 300L,3,Papa Sow,2024-10-24 00:00:00,3,975000,Espèces
615,8,Jeans homme,1,Moussa Diop,2024-12-26 00:00:00,5,62500,Espèces
616,11,iPhone 13,1,Moussa Diop,2023-08-16 00:00:00,1,650000,Carte Bancaire
617,7,Lait hydratant Nivea,7,Khadija Diallo,2023-06-19 00:00:00,1,7500,Espèces
618,5,Riz 5kg,5,Ibrahima Fall,2024-09-16 00:00:00,1,3500,Carte Bancaire
619,9,Cahier 200 pages,8,Oumar Kane,2023-12-25 00:00:00,5,7500,Carte Bancaire
620,5,Riz 5kg,2,Amina Sy,2024-05-23 00:00:00,3,10500,Wave
621,9,Cahier 200 pages,4,Fatou Ndiaye,2024-02-24 00:00:00,3,4500,MixByYas
622,4,Réfrigérateur 300L,1,Moussa Diop,2024-11-17 00:00:00,1,325000,Wave
623,4,Réfrigérateur 300L,6,Adama Ba,2023-12-16 00:00:00,1,325000,Espèces
624,5,Riz 5kg,1,Moussa Diop,2024-10-13 00:00:00,8,28000,Wave
625,4,Réfrigérateur 300L,6,Adama Ba,2024-06-15 00:00:00,2,650000,Wave
626,2,Tecno Spark 10,8,Oumar Kane,2024-04-28 00:00:00,4,260000,Wave
627,6,Huile végétale 5L,2,Amina Sy,2023-01-05 00:00:00,8,48000,MixByYas
628,6,Huile végétale 5L,1,Moussa Diop,2023-10-21 00:00:00,9,54000,Espèces
629,7,Lait hydratant Nivea,8,Oumar Kane,2024-12-29 00:00:00,2,15000,Carte Bancaire
630,2,Tecno Spark 10,6,Adama Ba,2023-02-20 00:00:00,5,325000,Espèces
631,8,Jeans homme,6,Adama Ba,2024-12-03 00:00:00,1,12500,Wave
632,1,Samsung Galaxy A23,3,Papa Sow,2024-04-28 00:00:00,2,170000,Espèces
633,2,Tecno Spark 10,4,Fatou Ndiaye,2023-12-23 00:00:00,3,195000,Wave
634,1,Samsung Galaxy A23,2,Amina Sy,2023-07-05 00:00:00,5,425000,Carte Bancaire
635,5,Riz 5kg,7,Khadija Diallo,2024-05-25 00:00:00,9,31500,Carte Bancaire
636,5,Riz 5kg,4,Fatou Ndiaye,2023-11-11 00:00:00,9,31500,Espèces
637,1,Samsung Galaxy A23,1,Moussa Diop,2023-09-04 00:00:00,2,170000,MixByYas
638,9,Cahier 200 pages,2,Amina Sy,2024-07-30 00:00:00,1,1500,Wave
639,10,Ciment 50kg,8,Oumar Kane,2024-12-30 00:00:00,4,220000,Carte Bancaire
640,2,Tecno Spark 10,6,Adama Ba,2023-04-19 00:00:00,1,65000,Wave
641,8,Jeans homme,4,Fatou Ndiaye,2023-05-19 00:00:00,4,50000,Carte Bancaire
642,11,iPhone 13,7,Khadija Diallo,2023-04-27 00:00:00,1,650000,Carte Bancaire
643,2,Tecno Spark 10,8,Oumar Kane,2023-05-03 00:00:00,5,325000,Wave
644,4,Réfrigérateur 300L,5,Ibrahima Fall,2023-03-08 00:00:00,2,650000,Wave
645,2,Tecno Spark 10,8,Oumar Kane,2024-11-28 00:00:00,3,195000,Espèces
646,6,Huile végétale 5L,6,Adama Ba,2023-10-02 00:00:00,11,66000,Carte Bancaire
647,5,Riz 5kg,1,Moussa Diop,2023-01-05 00:00:00,1,3500,Wave
648,5,Riz 5kg,3,Papa Sow,2024-08-30 00:00:00,11,38500,Carte Bancaire
649,6,Huile végétale 5L,3,Papa Sow,2024-04-28 00:00:00,12,72000,MixByYas
650,6,Huile végétale 5L,3,Papa Sow,2023-03-22 00:00:00,10,60000,MixByYas
651,2,Tecno Spark 10,8,Oumar Kane,2024-10-07 00:00:00,2,130000,Carte Bancaire
652,5,Riz 5kg,8,Oumar Kane,2023-07-27 00:00:00,9,31500,Carte Bancaire
653,2,Tecno Spark 10,6,Adama Ba,2023-05-13 00:00:00,4,260000,Espèces
654,5,Riz 5kg,4,Fatou Ndiaye,2024-12-20 00:00:00,1,3500,Carte Bancaire
655,5,Riz 5kg,3,Papa Sow,2024-12-27 00:00:00,9,31500,Espèces
656,3,Climatiseur 12000 BTU,8,Oumar Kane,2023-01-03 00:00:00,2,900000,Espèces
657,2,Tecno Spark 10,8,Oumar Kane,2024-07-19 00:00:00,4,260000,Carte Bancaire
658,9,Cahier 200 pages,5,Ibrahima Fall,2024-11-11 00:00:00,3,4500,MixByYas
659,5,Riz 5kg,2,Amina Sy,2024-11-08 00:00:00,11,38500,Espèces
660,6,Huile végétale 5L,4,Fatou Ndiaye,2023-04-30 00:00:00,4,24000,Espèces
661,2,Tecno Spark 10,6,Adama Ba,2024-11-20 00:00:00,3,195000,Espèces
662,4,Réfrigérateur 300L,4,Fatou Ndiaye,2024-12-16 00:00:00,3,975000,Espèces
663,1,Samsung Galaxy A23,2,Amina Sy,2024-02-07 00:00:00,2,170000,Wave
664,6,Huile végétale 5L,7,Khadija Diallo,2024-08-07 00:00:00,4,24000,Espèces
665,3,Climatiseur 12000 BTU,1,Moussa Diop,2023-12-24 00:00:00,1,450000,Carte Bancaire
666,4,Réfrigérateur 300L,1,Moussa Diop,2023-09-17 00:00:00,1,325000,MixByYas
667,3,Climatiseur 12000 BTU,7,Khadija Diallo,2023-03-29 00:00:00,3,1350000,Wave
668,2,Tecno Spark 10,7,Khadija Diallo,2024-12-01 00:00:00,3,195000,Espèces
669,9,Cahier 200 pages,8,Oumar Kane,2024-08-28 00:00:00,3,4500,MixByYas
670,6,Huile végétale 5L,5,Ibrahima Fall,2024-02-02 00:00:00,15,90000,Wave
671,5,Riz 5kg,4,Fatou Ndiaye,2024-02-26 00:00:00,14,49000,MixByYas
672,2,Tecno Spark 10,1,Moussa Diop,2023-12-23 00:00:00,5,325000,Carte Bancaire
673,6,Huile végétale 5L,8,Oumar Kane,2023-08-12 00:00:00,11,66000,Carte Bancaire
674,9,Cahier 200 pages,6,Adama Ba,2023-10-29 00:00:00,4,6000,MixByYas
675,9,Cahier 200 pages,1,Moussa Diop,2023-12-28 00:00:00,2,3000,Wave
676,4,Réfrigérateur 300L,5,Ibrahima Fall,2023-02-28 00:00:00,2,650000,Carte Bancaire
677,7,Lait hydratant Nivea,1,Moussa Diop,2023-12-09 00:00:00,1,7500,Carte Bancaire
678,11,iPhone 13,2,Amina Sy,2024-11-12 00:00:00,2,1300000,MixByYas
679,5,Riz 5kg,1,Moussa Diop,2023-11-01 00:00:00,3,10500,Wave
680,3,Climatiseur 12000 BTU,1,Moussa Diop,2024-06-14 00:00:00,3,1350000,Espèces
681,12,Sucre 1kg,5,Ibrahima Fall,2023-12-15 00:00:00,2,2400,Espèces
682,11,iPhone 13,8,Oumar Kane,2023-06-13 00:00:00,1,650000,MixByYas
683,2,Tecno Spark 10,7,Khadija Diallo,2023-09-28 00:00:00,4,260000,Wave
684,6,Huile végétale 5L,1,Moussa Diop,2023-07-20 00:00:00,5,30000,Espèces
685,7,Lait hydratant Nivea,5,Ibrahima Fall,2023-12-03 00:00:00,2,15000,Espèces
686,2,Tecno Spark 10,1,Moussa Diop,2023-11-28 00:00:00,3,195000,Espèces
687,6,Huile végétale 5L,7,Khadija Diallo,2023-12-26 00:00:00,11,66000,MixByYas
688,4,Réfrigérateur 300L,5,Ibrahima Fall,2024-11-01 00:00:00,1,325000,MixByYas
689,6,Huile végétale 5L,5,Ibrahima Fall,2024-04-29 00:00:00,9,54000,Carte Bancaire
690,7,Lait hydratant Nivea,3,Papa Sow,2024-06-14 00:00:00,4,30000,Espèces
691,5,Riz 5kg,8,Oumar Kane,2023-10-26 00:00:00,12,42000,Carte Bancaire
692,7,Lait hydratant Nivea,2,Amina Sy,2023-12-23 00:00:00,1,7500,Wave
693,8,Jeans homme,3,Papa Sow,2023-10-12 00:00:00,4,50000,Carte Bancaire
694,2,Tecno Spark 10,6,Adama Ba,2023-10-18 00:00:00,4,260000,Carte Bancaire
695,3,Climatiseur 12000 BTU,4,Fatou Ndiaye,2024-02-18 00:00:00,1,450000,Espèces
696,9,Cahier 200 pages,1,Moussa Diop,2024-05-29 00:00:00,2,3000,MixByYas
697,5,Riz 5kg,1,Moussa Diop,2023-12-05 00:00:00,3,10500,MixByYas
698,9,Cahier 200 pages,4,Fatou Ndiaye,2023-07-23 00:00:00,1,1500,MixByYas
699,6,Huile végétale 5L,8,Oumar Kane,2024-10-05 00:00:00,14,84000,MixByYas
700,4,Réfrigérateur 300L,3,Papa Sow,2024-10-14 00:00:00,2,650000,Wave
701,10,Ciment 50kg,6,Adama Ba,2023-08-12 00:00:00,2,110000,MixByYas
702,1,Samsung Galaxy A23,8,Oumar Kane,2023-03-19 00:00:00,1,85000,Carte Bancaire
703,6,Huile végétale 5L,2,Amina Sy,2023-05-02 00:00:00,15,90000,Carte Bancaire
704,7,Lait hydratant Nivea,5,Ibrahima Fall,2024-02-22 00:00:00,5,37500,Carte Bancaire
705,1,Samsung Galaxy A23,4,Fatou Ndiaye,2023-11-07 00:00:00,1,85000,Carte Bancaire
706,3,Climatiseur 12000 BTU,1,Moussa Diop,2023-04-13 00:00:00,2,900000,Carte Bancaire
707,6,Huile végétale 5L,5,Ibrahima Fall,2023-02-27 00:00:00,8,48000,Espèces
708,5,Riz 5kg,8,Oumar Kane,2023-10-24 00:00:00,10,35000,Wave
709,5,Riz 5kg,5,Ibrahima Fall,2023-12-03 00:00:00,10,35000,Wave
710,10,Ciment 50kg,8,Oumar Kane,2024-01-22 00:00:00,1,55000,Carte Bancaire
711,2,Tecno Spark 10,2,Amina Sy,2023-11-29 00:00:00,1,65000,Espèces
712,6,Huile végétale 5L,7,Khadija Diallo,2023-12-07 00:00:00,3,18000,MixByYas
713,2,Tecno Spark 10,2,Amina Sy,2024-12-03 00:00:00,5,325000,Carte Bancaire
714,10,Ciment 50kg,5,Ibrahima Fall,2024-10-19 00:00:00,2,110000,Carte Bancaire
715,6,Huile végétale 5L,4,Fatou Ndiaye,2024-07-09 00:00:00,10,60000,Wave
716,6,Huile végétale 5L,5,Ibrahima Fall,2024-06-11 00:00:00,6,36000,Wave
717,8,Jeans homme,6,Adama Ba,2023-05-12 00:00:00,3,37500,Wave
718,7,Lait hydratant Nivea,4,Fatou Ndiaye,2024-11-21 00:00:00,2,15000,Carte Bancaire
719,5,Riz 5kg,7,Khadija Diallo,2023-12-21 00:00:00,7,24500,Wave
720,2,Tecno Spark 10,1,Moussa Diop,2024-01-10 00:00:00,2,130000,Espèces
721,1,Samsung Galaxy A23,8,Oumar Kane,2024-12-09 00:00:00,4,340000,Carte Bancaire
722,5,Riz 5kg,5,Ibrahima Fall,2023-12-27 00:00:00,9,31500,Wave
723,9,Cahier 200 pages,7,Khadija Diallo,2023-11-12 00:00:00,1,1500,Carte Bancaire
724,1,Samsung Galaxy A23,5,Ibrahima Fall,2024-07-20 00:00:00,2,170000,Espèces
725,5,Riz 5kg,3,Papa Sow,2024-10-17 00:00:00,6,21000,Carte Bancaire
726,5,Riz 5kg,4,Fatou Ndiaye,2024-12-29 00:00:00,15,52500,Wave
727,10,Ciment 50kg,5,Ibrahima Fall,2023-12-04 00:00:00,2,110000,MixByYas
728,4,Réfrigérateur 300L,4,Fatou Ndiaye,2023-10-14 00:00:00,1,325000,Espèces
729,3,Climatiseur 12000 BTU,1,Moussa Diop,2023-11-01 00:00:00,1,450000,MixByYas
730,2,Tecno Spark 10,1,Moussa Diop,2024-03-08 00:00:00,3,195000,MixByYas
731,1,Samsung Galaxy A23,4,Fatou Ndiaye,2023-01-28 00:00:00,5,425000,Espèces
732,1,Samsung Galaxy A23,7,Khadija Diallo,2024-05-21 00:00:00,1,85000,Carte Bancaire
733,2,Tecno Spark 10,6,Adama Ba,2024-10-05 00:00:00,4,260000,Carte Bancaire
734,9,Cahier 200 pages,6,Adama Ba,2024-12-05 00:00:00,5,7500,MixByYas
735,1,Samsung Galaxy A23,3,Papa Sow,2023-04-01 00:00:00,2,170000,Wave
736,4,Réfrigérateur 300L,8,Oumar Kane,2023-06-02 00:00:00,2,650000,Wave
737,2,Tecno Spark 10,6,Adama Ba,2023-10-22 00:00:00,5,325000,Wave
738,11,iPhone 13,1,Moussa Diop,2024-05-11 00:00:00,1,650000,MixByYas
739,5,Riz 5kg,2,Amina Sy,2023-12-22 00:00:00,13,45500,Espèces
740,5,Riz 5kg,2,Amina Sy,2024-09-08 00:00:00,8,28000,MixByYas
741,2,Tecno Spark 10,7,Khadija Diallo,2023-11-28 00:00:00,3,195000,Wave
742,9,Cahier 200 pages,8,Oumar Kane,2023-12-30 00:00:00,1,1500,Wave
743,5,Riz 5kg,4,Fatou Ndiaye,2024-01-08 00:00:00,6,21000,MixByYas
744,5,Riz 5kg,6,Adama Ba,2023-07-26 00:00:00,3,10500,Wave
745,1,Samsung Galaxy A23,4,Fatou Ndiaye,2024-12-29 00:00:00,1,85000,Wave
746,6,Huile végétale 5L,7,Khadija Diallo,2024-09-28 00:00:00,13,78000,Wave
747,1,Samsung Galaxy A23,1,Moussa Diop,2024-12-26 00:00:00,2,170000,Carte Bancaire
748,8,Jeans homme,4,Fatou Ndiaye,2023-07-13 00:00:00,5,62500,Wave
749,6,Huile végétale 5L,6,Adama Ba,2024-08-26 00:00:00,13,78000,Wave
750,5,Riz 5kg,3,Papa Sow,2024-10-07 00:00:00,5,17500,Wave
751,6,Huile végétale 5L,6,Adama Ba,2024-01-11 00:00:00,14,84000,Carte Bancaire
752,9,Cahier 200 pages,8,Oumar Kane,2024-10-30 00:00:00,4,6000,Wave
753,12,Sucre 1kg,7,Khadija Diallo,2023-06-11 00:00:00,4,4800,MixByYas
754,2,Tecno Spark 10,4,Fatou Ndiaye,2024-04-09 00:00:00,2,130000,Espèces
755,2,Tecno Spark 10,6,Adama Ba,2024-03-04 00:00:00,5,325000,Wave
756,5,Riz 5kg,8,Oumar Kane,2024-12-23 00:00:00,1,3500,Espèces
757,5,Riz 5kg,1,Moussa Diop,2024-02-28 00:00:00,4,14000,Wave
758,9,Cahier 200 pages,2,Amina Sy,2023-12-08 00:00:00,1,1500,MixByYas
759,1,Samsung Galaxy A23,4,Fatou Ndiaye,2023-04-19 00:00:00,4,340000,Espèces
760,2,Tecno Spark 10,6,Adama Ba,2023-01-06 00:00:00,5,325000,Wave
761,9,Cahier 200 pages,8,Oumar Kane,2023-10-14 00:00:00,2,3000,MixByYas
762,5,Riz 5kg,6,Adama Ba,2024-03-29 00:00:00,6,21000,Espèces
763,2,Tecno Spark 10,4,Fatou Ndiaye,2024-08-15 00:00:00,1,65000,Espèces
764,12,Sucre 1kg,4,Fatou Ndiaye,2024-03-04 00:00:00,3,3600,Carte Bancaire
765,5,Riz 5kg,8,Oumar Kane,2024-06-11 00:00:00,14,46500,MixByYas
766,5,Riz 5kg,3,Papa Sow,2023-03-14 00:00:00,11,38500,Wave
767,12,Sucre 1kg,6,Adama Ba,2023-11-06 00:00:00,2,2400,MixByYas
768,4,Réfrigérateur 300L,6,Adama Ba,2024-12-21 00:00:00,1,325000,Espèces
769,11,iPhone 13,5,Ibrahima Fall,2024-10-11 00:00:00,2,1300000,MixByYas
770,12,Sucre 1kg,2,Amina Sy,2023-07-12 00:00:00,4,4800,MixByYas
771,2,Tecno Spark 10,2,Amina Sy,2023-12-22 00:00:00,4,260000,Espèces
772,9,Cahier 200 pages,3,Papa Sow,2023-07-24 00:00:00,1,1500,Espèces
773,2,Tecno Spark 10,5,Ibrahima Fall,2023-12-19 00:00:00,3,195000,Espèces
774,1,Samsung Galaxy A23,1,Moussa Diop,2024-11-24 00:00:00,2,170000,MixByYas
775,7,Lait hydratant Nivea,2,Amina Sy,2024-09-30 00:00:00,5,37500,Espèces
776,5,Riz 5kg,4,Fatou Ndiaye,2024-03-20 00:00:00,14,49000,Wave
777,1,Samsung Galaxy A23,5,Ibrahima Fall,2024-03-06 00:00:00,2,160000,Espèces
778,11,iPhone 13,4,Fatou Ndiaye,2023-01-30 00:00:00,1,650000,Carte Bancaire
779,1,Samsung Galaxy A23,8,Oumar Kane,2023-12-21 00:00:00,1,85000,Espèces
780,4,Réfrigérateur 300L,6,Adama Ba,2023-01-04 00:00:00,3,975000,MixByYas
781,9,Cahier 200 pages,5,Ibrahima Fall,2023-12-29 00:00:00,3,4500,Espèces
782,8,Jeans homme,6,Adama Ba,2024-12-09 00:00:00,5,62500,Carte Bancaire
783,1,Samsung Galaxy A23,4,Fatou Ndiaye,2023-07-28 00:00:00,1,85000,Wave
784,5,Riz 5kg,2,Amina Sy,2024-12-31 00:00:00,2,7000,MixByYas
785,4,Réfrigérateur 300L,4,Fatou Ndiaye,2024-09-01 00:00:00,3,975000,Wave
786,6,Huile végétale 5L,3,Papa Sow,2023-12-12 00:00:00,12,72000,Carte Bancaire
787,7,Lait hydratant Nivea,8,Oumar Kane,2023-02-03 00:00:00,1,7500,Wave
788,7,Lait hydratant Nivea,8,Oumar Kane,2024-09-11 00:00:00,4,30000,MixByYas
789,3,Climatiseur 12000 BTU,7,Khadija Diallo,2023-03-31 00:00:00,2,900000,MixByYas
790,1,Samsung Galaxy A23,6,Adama Ba,2023-12-19 00:00:00,1,85000,Wave
791,1,Samsung Galaxy A23,7,Khadija Diallo,2023-05-19 00:00:00,5,425000,MixByYas
792,5,Riz 5kg,4,Fatou Ndiaye,2024-08-17 00:00:00,10,35000,MixByYas
793,7,Lait hydratant Nivea,3,Papa Sow,2024-09-20 00:00:00,1,7500,Wave
794,2,Tecno Spark 10,4,Fatou Ndiaye,2023-01-13 00:00:00,2,130000,Carte Bancaire
795,8,Jeans homme,7,Khadija Diallo,2024-09-01 00:00:00,5,62500,Carte Bancaire
796,1,Samsung Galaxy A23,3,Papa Sow,2023-12-22 00:00:00,2,170000,MixByYas
797,1,Samsung Galaxy A23,5,Ibrahima Fall,2024-07-26 00:00:00,5,425000,MixByYas
798,2,Tecno Spark 10,4,Fatou Ndiaye,2023-02-11 00:00:00,1,65000,Espèces
799,3,Climatiseur 12000 BTU,4,Fatou Ndiaye,2023-07-29 00:00:00,2,900000,Espèces
800,5,Riz 5kg,7,Khadija Diallo,2024-03-05 00:00:00,10,35000,MixByYas
801,2,Tecno Spark 10,1,Moussa Diop,2023-12-29 00:00:00,3,195000,MixByYas
802,12,Sucre 1kg,3,Papa Sow,2023-02-08 00:00:00,1,1200,Espèces
803,9,Cahier 200 pages,8,Oumar Kane,2023-12-22 00:00:00,1,1500,Carte Bancaire
804,4,Réfrigérateur 300L,1,Moussa Diop,2024-06-21 00:00:00,1,325000,Carte Bancaire
805,4,Réfrigérateur 300L,1,Moussa Diop,2024-08-20 00:00:00,3,975000,MixByYas
806,2,Tecno Spark 10,7,Khadija Diallo,2024-07-06 00:00:00,5,325000,Espèces
807,9,Cahier 200 pages,7,Khadija Diallo,2023-06-26 00:00:00,1,1500,Carte Bancaire
808,5,Riz 5kg,2,Amina Sy,2023-05-14 00:00:00,6,21000,Carte Bancaire
809,6,Huile végétale 5L,6,Adama Ba,2024-08-21 00:00:00,12,72000,Carte Bancaire
810,2,Tecno Spark 10,8,Oumar Kane,2024-12-26 00:00:00,4,260000,Carte Bancaire
811,6,Huile végétale 5L,7,Khadija Diallo,2023-12-21 00:00:00,4,24000,Carte Bancaire
812,3,Climatiseur 12000 BTU,4,Fatou Ndiaye,2024-09-23 00:00:00,3,1349500,Wave
813,5,Riz 5kg,5,Ibrahima Fall,2023-07-10 00:00:00,5,17500,MixByYas
814,6,Huile végétale 5L,6,Adama Ba,2023-04-30 00:00:00,2,12000,Carte Bancaire
815,10,Ciment 50kg,4,Fatou Ndiaye,2023-02-19 00:00:00,2,110000,Carte Bancaire
816,4,Réfrigérateur 300L,1,Moussa Diop,2023-05-02 00:00:00,1,325000,Espèces
817,8,Jeans homme,8,Oumar Kane,2024-02-29 00:00:00,4,50000,Carte Bancaire
818,11,iPhone 13,5,Ibrahima Fall,2023-10-15 00:00:00,1,650000,Espèces
819,1,Samsung Galaxy A23,2,Amina Sy,2023-01-31 00:00:00,2,170000,MixByYas
820,2,Tecno Spark 10,2,Amina Sy,2023-07-18 00:00:00,3,195000,Wave
821,7,Lait hydratant Nivea,4,Fatou Ndiaye,2024-04-15 00:00:00,3,22500,Wave
822,5,Riz 5kg,3,Papa Sow,2023-12-27 00:00:00,9,31500,Wave
823,4,Réfrigérateur 300L,5,Ibrahima Fall,2023-12-17 00:00:00,3,975000,Carte Bancaire
824,1,Samsung Galaxy A23,1,Moussa Diop,2024-12-15 00:00:00,2,170000,Espèces
825,7,Lait hydratant Nivea,5,Ibrahima Fall,2023-07-31 00:00:00,4,30000,Carte Bancaire
826,2,Tecno Spark 10,7,Khadija Diallo,2023-12-31 00:00:00,3,195000,Carte Bancaire
827,6,Huile végétale 5L,7,Khadija Diallo,2023-01-26 00:00:00,1,6000,Wave
828,5,Riz 5kg,2,Amina Sy,2024-11-05 00:00:00,13,45500,Carte Bancaire
829,7,Lait hydratant Nivea,1,Moussa Diop,2023-05-03 00:00:00,2,15000,Wave
830,8,Jeans homme,8,Oumar Kane,2023-10-16 00:00:00,5,62500,Carte Bancaire
831,6,Huile végétale 5L,6,Adama Ba,2024-11-20 00:00:00,9,54000,Espèces
832,11,iPhone 13,2,Amina Sy,2023-06-20 00:00:00,2,1300000,MixByYas
833,2,Tecno Spark 10,8,Oumar Kane,2024-08-06 00:00:00,5,325000,Espèces
834,5,Riz 5kg,2,Amina Sy,2024-03-29 00:00:00,6,21000,Wave
835,4,Réfrigérateur 300L,8,Oumar Kane,2024-11-26 00:00:00,3,975000,Espèces
836,6,Huile végétale 5L,7,Khadija Diallo,2023-11-20 00:00:00,1,6000,Wave
837,5,Riz 5kg,8,Oumar Kane,2024-12-19 00:00:00,7,24500,Espèces
838,2,Tecno Spark 10,6,Adama Ba,2023-06-02 00:00:00,4,260000,Carte Bancaire
839,2,Tecno Spark 10,7,Khadija Diallo,2024-07-07 00:00:00,4,260000,Carte Bancaire
840,7,Lait hydratant Nivea,7,Khadija Diallo,2023-05-16 00:00:00,4,30000,MixByYas
841,5,Riz 5kg,7,Khadija Diallo,2024-03-13 00:00:00,1,3500,MixByYas
842,2,Tecno Spark 10,6,Adama Ba,2023-09-21 00:00:00,4,260000,Wave
843,5,Riz 5kg,3,Papa Sow,2024-07-18 00:00:00,13,43000,MixByYas
844,9,Cahier 200 pages,7,Khadija Diallo,2023-09-25 00:00:00,1,1500,Carte Bancaire
845,1,Samsung Galaxy A23,6,Adama Ba,2023-12-30 00:00:00,1,85000,MixByYas
846,6,Huile végétale 5L,1,Moussa Diop,2024-07-04 00:00:00,14,84000,Espèces
847,6,Huile végétale 5L,5,Ibrahima Fall,2024-10-30 00:00:00,5,30000,Carte Bancaire
848,9,Cahier 200 pages,5,Ibrahima Fall,2023-12-30 00:00:00,1,1500,Espèces
849,2,Tecno Spark 10,4,Fatou Ndiaye,2024-12-19 00:00:00,3,195000,Carte Bancaire
850,2,Tecno Spark 10,5,Ibrahima Fall,2024-01-12 00:00:00,5,325000,Wave
851,5,Riz 5kg,1,Moussa Diop,2023-04-18 00:00:00,9,31500,Espèces
852,9,Cahier 200 pages,2,Amina Sy,2023-01-08 00:00:00,4,6000,Wave
853,5,Riz 5kg,2,Amina Sy,2023-12-28 00:00:00,9,31500,MixByYas
854,2,Tecno Spark 10,7,Khadija Diallo,2024-01-24 00:00:00,4,260000,Carte Bancaire
855,9,Cahier 200 pages,6,Adama Ba,2023-12-10 00:00:00,4,6000,Carte Bancaire
856,2,Tecno Spark 10,4,Fatou Ndiaye,2024-02-09 00:00:00,1,65000,Espèces
857,9,Cahier 200 pages,4,Fatou Ndiaye,2023-08-07 00:00:00,2,3000,MixByYas
858,5,Riz 5kg,6,Adama Ba,2024-06-10 00:00:00,12,39500,Espèces
859,6,Huile végétale 5L,1,Moussa Diop,2024-05-07 00:00:00,5,30000,Wave
860,5,Riz 5kg,7,Khadija Diallo,2023-04-13 00:00:00,14,49000,Carte Bancaire
861,4,Réfrigérateur 300L,5,Ibrahima Fall,2024-12-01 00:00:00,2,650000,MixByYas
862,2,Tecno Spark 10,3,Papa Sow,2023-03-26 00:00:00,1,65000,MixByYas
863,8,Jeans homme,3,Papa Sow,2023-12-21 00:00:00,5,62500,Espèces
864,4,Réfrigérateur 300L,8,Oumar Kane,2024-09-29 00:00:00,3,975000,MixByYas
865,4,Réfrigérateur 300L,6,Adama Ba,2023-09-29 00:00:00,3,975000,MixByYas
866,4,Réfrigérateur 300L,1,Moussa Diop,2023-04-18 00:00:00,1,325000,Wave
867,6,Huile végétale 5L,8,Oumar Kane,2023-10-18 00:00:00,12,72000,Wave
868,7,Lait hydratant Nivea,8,Oumar Kane,2024-12-24 00:00:00,3,22500,Wave
869,7,Lait hydratant Nivea,3,Papa Sow,2024-10-30 00:00:00,1,7500,Wave
870,3,Climatiseur 12000 BTU,3,Papa Sow,2024-02-03 00:00:00,2,900000,Espèces
871,5,Riz 5kg,3,Papa Sow,2024-11-21 00:00:00,6,21000,MixByYas
872,6,Huile végétale 5L,8,Oumar Kane,2023-03-06 00:00:00,9,54000,Carte Bancaire
873,3,Climatiseur 12000 BTU,1,Moussa Diop,2024-12-20 00:00:00,1,450000,Carte Bancaire
874,2,Tecno Spark 10,4,Fatou Ndiaye,2024-08-11 00:00:00,3,195000,MixByYas
875,7,Lait hydratant Nivea,6,Adama Ba,2024-06-10 00:00:00,4,30000,Espèces
876,3,Climatiseur 12000 BTU,5,Ibrahima Fall,2023-09-11 00:00:00,2,900000,Wave
877,9,Cahier 200 pages,2,Amina Sy,2024-02-01 00:00:00,2,3000,Carte Bancaire
878,6,Huile végétale 5L,2,Amina Sy,2024-06-10 00:00:00,8,48000,Carte Bancaire
879,2,Tecno Spark 10,3,Papa Sow,2023-11-24 00:00:00,3,195000,Wave
880,5,Riz 5kg,1,Moussa Diop,2024-12-19 00:00:00,1,3500,Carte Bancaire
881,2,Tecno Spark 10,3,Papa Sow,2024-09-17 00:00:00,5,325000,MixByYas
882,2,Tecno Spark 10,8,Oumar Kane,2024-01-07 00:00:00,2,130000,Carte Bancaire
883,2,Tecno Spark 10,2,Amina Sy,2024-09-28 00:00:00,5,325000,Carte Bancaire
884,2,Tecno Spark 10,7,Khadija Diallo,2023-12-04 00:00:00,5,325000,Espèces
885,6,Huile végétale 5L,6,Adama Ba,2023-08-24 00:00:00,12,72000,Carte Bancaire
886,2,Tecno Spark 10,5,Ibrahima Fall,2024-06-11 00:00:00,4,260000,MixByYas
887,2,Tecno Spark 10,4,Fatou Ndiaye,2024-06-29 00:00:00,5,325000,Wave
888,5,Riz 5kg,8,Oumar Kane,2024-11-16 00:00:00,15,52500,Wave
889,5,Riz 5kg,1,Moussa Diop,2024-10-25 00:00:00,15,52500,Carte Bancaire
890,4,Réfrigérateur 300L,3,Papa Sow,2023-08-24 00:00:00,2,650000,Wave
891,8,Jeans homme,3,Papa Sow,2023-12-03 00:00:00,1,12500,Carte Bancaire
892,6,Huile végétale 5L,3,Papa Sow,2024-07-01 00:00:00,15,90000,Wave
893,3,Climatiseur 12000 BTU,3,Papa Sow,2024-01-29 00:00:00,1,450000,Wave
894,5,Riz 5kg,6,Adama Ba,2023-11-09 00:00:00,13,45500,MixByYas
895,7,Lait hydratant Nivea,8,Oumar Kane,2023-03-21 00:00:00,4,30000,Carte Bancaire
896,2,Tecno Spark 10,1,Moussa Diop,2023-11-27 00:00:00,5,325000,Carte Bancaire
897,7,Lait hydratant Nivea,8,Oumar Kane,2023-12-23 00:00:00,1,7500,Wave
898,5,Riz 5kg,4,Fatou Ndiaye,2023-04-26 00:00:00,14,49000,Espèces
899,2,Tecno Spark 10,2,Amina Sy,2023-05-15 00:00:00,1,65000,Wave
900,6,Huile végétale 5L,7,Khadija Diallo,2024-07-09 00:00:00,11,66000,Espèces
901,4,Réfrigérateur 300L,4,Fatou Ndiaye,2024-03-10 00:00:00,1,325000,MixByYas
902,5,Riz 5kg,2,Amina Sy,2023-10-02 00:00:00,1,3500,Carte Bancaire
903,2,Tecno Spark 10,8,Oumar Kane,2023-12-16 00:00:00,5,325000,Carte Bancaire
904,6,Huile végétale 5L,6,Adama Ba,2024-09-06 00:00:00,11,66000,Espèces
905,5,Riz 5kg,1,Moussa Diop,2024-11-24 00:00:00,15,52500,MixByYas
906,6,Huile végétale 5L,1,Moussa Diop,2023-07-22 00:00:00,12,72000,Espèces
907,6,Huile végétale 5L,5,Ibrahima Fall,2024-09-06 00:00:00,4,24000,Wave
908,1,Samsung Galaxy A23,7,Khadija Diallo,2023-09-10 00:00:00,4,340000,Wave
909,1,Samsung Galaxy A23,3,Papa Sow,2024-02-28 00:00:00,2,170000,Wave
910,9,Cahier 200 pages,1,Moussa Diop,2023-11-05 00:00:00,3,4500,Espèces
911,4,Réfrigérateur 300L,4,Fatou Ndiaye,2023-11-09 00:00:00,2,650000,MixByYas
912,5,Riz 5kg,6,Adama Ba,2024-02-23 00:00:00,3,10500,Carte Bancaire
913,1,Samsung Galaxy A23,7,Khadija Diallo,2024-03-16 00:00:00,2,160000,Carte Bancaire
914,5,Riz 5kg,6,Adama Ba,2023-12-19 00:00:00,5,17500,Carte Bancaire
915,5,Riz 5kg,3,Papa Sow,2023-06-26 00:00:00,1,3500,Espèces
916,2,Tecno Spark 10,6,Adama Ba,2024-11-19 00:00:00,3,195000,Wave
917,1,Samsung Galaxy A23,3,Papa Sow,2023-10-19 00:00:00,1,85000,Espèces
918,2,Tecno Spark 10,2,Amina Sy,2023-05-03 00:00:00,4,260000,MixByYas
919,9,Cahier 200 pages,2,Amina Sy,2023-04-17 00:00:00,2,3000,Wave
920,11,iPhone 13,4,Fatou Ndiaye,2023-04-14 00:00:00,3,1950000,Carte Bancaire
921,1,Samsung Galaxy A23,5,Ibrahima Fall,2024-02-07 00:00:00,1,85000,Carte Bancaire
922,7,Lait hydratant Nivea,2,Amina Sy,2023-04-09 00:00:00,4,30000,Carte Bancaire
923,6,Huile végétale 5L,6,Adama Ba,2023-11-10 00:00:00,8,48000,Espèces
924,12,Sucre 1kg,3,Papa Sow,2024-03-30 00:00:00,4,4800,MixByYas
925,5,Riz 5kg,2,Amina Sy,2024-10-03 00:00:00,14,49000,MixByYas
926,5,Riz 5kg,5,Ibrahima Fall,2023-01-19 00:00:00,7,24500,Carte Bancaire
927,4,Réfrigérateur 300L,3,Papa Sow,2024-11-11 00:00:00,2,650000,Wave
928,8,Jeans homme,2,Amina Sy,2024-12-22 00:00:00,1,12500,Wave
929,6,Huile végétale 5L,4,Fatou Ndiaye,2024-10-13 00:00:00,15,90000,Carte Bancaire
930,3,Climatiseur 12000 BTU,1,Moussa Diop,2024-02-03 00:00:00,3,1350000,Espèces
931,3,Climatiseur 12000 BTU,6,Adama Ba,2024-05-23 00:00:00,2,900000,Espèces
932,7,Lait hydratant Nivea,7,Khadija Diallo,2024-11-02 00:00:00,3,22500,Carte Bancaire
933,2,Tecno Spark 10,4,Fatou Ndiaye,2023-12-30 00:00:00,1,65000,Espèces
934,5,Riz 5kg,1,Moussa Diop,2024-09-07 00:00:00,11,38500,Wave
935,1,Samsung Galaxy A23,3,Papa Sow,2023-03-05 00:00:00,2,170000,Wave
936,9,Cahier 200 pages,8,Oumar Kane,2024-03-30 00:00:00,3,4500,MixByYas
937,7,Lait hydratant Nivea,6,Adama Ba,2024-12-08 00:00:00,5,37500,Carte Bancaire
938,4,Réfrigérateur 300L,3,Papa Sow,2024-09-04 00:00:00,3,975000,Wave
939,5,Riz 5kg,3,Papa Sow,2023-12-17 00:00:00,15,52500,MixByYas
940,5,Riz 5kg,1,Moussa Diop,2023-11-14 00:00:00,4,14000,Carte Bancaire
941,4,Réfrigérateur 300L,4,Fatou Ndiaye,2023-06-15 00:00:00,1,325000,Espèces
942,6,Huile végétale 5L,7,Khadija Diallo,2024-03-10 00:00:00,1,6000,Wave
943,6,Huile végétale 5L,3,Papa Sow,2024-05-28 00:00:00,15,90000,Carte Bancaire
944,9,Cahier 200 pages,4,Fatou Ndiaye,2023-10-25 00:00:00,4,6000,Wave
945,11,iPhone 13,3,Papa Sow,2023-06-10 00:00:00,1,650000,Espèces
946,4,Réfrigérateur 300L,4,Fatou Ndiaye,2023-04-05 00:00:00,1,325000,Espèces
947,2,Tecno Spark 10,1,Moussa Diop,2023-12-03 00:00:00,1,65000,Carte Bancaire
948,9,Cahier 200 pages,5,Ibrahima Fall,2023-12-29 00:00:00,4,6000,MixByYas
949,6,Huile végétale 5L,7,Khadija Diallo,2024-12-16 00:00:00,8,48000,Wave
950,9,Cahier 200 pages,1,Moussa Diop,2024-05-15 00:00:00,2,3000,Carte Bancaire
951,3,Climatiseur 12000 BTU,3,Papa Sow,2024-03-22 00:00:00,1,450000,MixByYas
952,8,Jeans homme,5,Ibrahima Fall,2024-05-17 00:00:00,1,12500,MixByYas
953,11,iPhone 13,1,Moussa Diop,2024-06-18 00:00:00,1,650000,MixByYas
954,10,Ciment 50kg,6,Adama Ba,2024-12-27 00:00:00,5,275000,Carte Bancaire
955,8,Jeans homme,5,Ibrahima Fall,2024-02-04 00:00:00,4,50000,Carte Bancaire
956,2,Tecno Spark 10,5,Ibrahima Fall,2023-10-10 00:00:00,3,195000,Carte Bancaire
957,12,Sucre 1kg,2,Amina Sy,2023-01-04 00:00:00,2,2400,Espèces
958,9,Cahier 200 pages,1,Moussa Diop,2024-12-19 00:00:00,1,1500,Wave
959,2,Tecno Spark 10,7,Khadija Diallo,2023-12-28 00:00:00,3,195000,Wave
960,1,Samsung Galaxy A23,1,Moussa Diop,2024-01-22 00:00:00,4,340000,Wave
961,8,Jeans homme,5,Ibrahima Fall,2024-09-18 00:00:00,4,50000,Espèces
962,4,Réfrigérateur 300L,2,Amina Sy,2023-06-08 00:00:00,2,650000,Espèces
963,5,Riz 5kg,6,Adama Ba,2023-09-30 00:00:00,14,49000,Wave
964,2,Tecno Spark 10,4,Fatou Ndiaye,2023-12-17 00:00:00,4,260000,Carte Bancaire
965,5,Riz 5kg,4,Fatou Ndiaye,2023-06-29 00:00:00,5,17500,MixByYas
966,9,Cahier 200 pages,4,Fatou Ndiaye,2024-08-01 00:00:00,5,7500,Espèces
967,6,Huile végétale 5L,4,Fatou Ndiaye,2023-01-19 00:00:00,3,18000,Wave
968,3,Climatiseur 12000 BTU,8,Oumar Kane,2024-12-06 00:00:00,2,900000,Wave
969,5,Riz 5kg,4,Fatou Ndiaye,2023-05-11 00:00:00,7,24500,Carte Bancaire
970,2,Tecno Spark 10,3,Papa Sow,2024-06-14 00:00:00,4,260000,Espèces
971,9,Cahier 200 pages,2,Amina Sy,2024-06-28 00:00:00,5,7500,Wave
972,8,Jeans homme,5,Ibrahima Fall,2024-12-24 00:00:00,2,25000,Carte Bancaire
973,9,Cahier 200 pages,2,Amina Sy,2023-10-06 00:00:00,3,4500,Carte Bancaire
974,5,Riz 5kg,2,Amina Sy,2023-06-14 00:00:00,13,45500,MixByYas
975,3,Climatiseur 12000 BTU,8,Oumar Kane,2023-12-31 00:00:00,2,900000,Espèces
976,6,Huile végétale 5L,8,Oumar Kane,2023-01-03 00:00:00,5,30000,MixByYas
977,11,iPhone 13,7,Khadija Diallo,2024-12-27 00:00:00,3,1950000,MixByYas
978,1,Samsung Galaxy A23,3,Papa Sow,2023-11-09 00:00:00,1,85000,MixByYas
979,6,Huile végétale 5L,8,Oumar Kane,2024-12-19 00:00:00,6,36000,Carte Bancaire
980,5,Riz 5kg,8,Oumar Kane,2023-07-13 00:00:00,9,31500,Espèces
981,4,Réfrigérateur 300L,6,Adama Ba,2024-12-10 00:00:00,2,650000,MixByYas
982,1,Samsung Galaxy A23,3,Papa Sow,2023-10-28 00:00:00,2,170000,MixByYas
983,7,Lait hydratant Nivea,3,Papa Sow,2023-03-28 00:00:00,5,37500,Wave
984,9,Cahier 200 pages,8,Oumar Kane,2024-06-08 00:00:00,4,6000,Carte Bancaire
985,6,Huile végétale 5L,1,Moussa Diop,2023-05-01 00:00:00,9,54000,Carte Bancaire
986,5,Riz 5kg,5,Ibrahima Fall,2023-11-20 00:00:00,5,17500,Carte Bancaire
987,6,Huile végétale 5L,6,Adama Ba,2024-09-02 00:00:00,12,72000,Wave
988,5,Riz 5kg,1,Moussa Diop,2023-04-03 00:00:00,10,35000,Carte Bancaire
989,1,Samsung Galaxy A23,2,Amina Sy,2024-03-08 00:00:00,4,330000,Carte Bancaire
990,9,Cahier 200 pages,2,Amina Sy,2023-05-21 00:00:00,3,4500,MixByYas
991,9,Cahier 200 pages,5,Ibrahima Fall,2024-11-07 00:00:00,5,7500,MixByYas
992,1,Samsung Galaxy A23,6,Adama Ba,2024-07-24 00:00:00,4,340000,Espèces
993,5,Riz 5kg,3,Papa Sow,2023-01-07 00:00:00,7,24500,Carte Bancaire
994,9,Cahier 200 pages,6,Adama Ba,2023-07-24 00:00:00,5,7500,Carte Bancaire
995,2,Tecno Spark 10,6,Adama Ba,2023-03-18 00:00:00,5,325000,Carte Bancaire
996,3,Climatiseur 12000 BTU,3,Papa Sow,2023-01-01 00:00:00,3,1350000,Wave
997,5,Riz 5kg,8,Oumar Kane,2024-01-11 00:00:00,7,24500,MixByYas
998,9,Cahier 200 pages,7,Khadija Diallo,2024-03-13 00:00:00,4,6000,MixByYas
999,1,Samsung Galaxy A23,2,Amina Sy,2024-12-26 00:00:00,3,255000,Wave
1000,9,Cahier 200 pages,5,Ibrahima Fall,2023-08-18 00:00:00,4,6000,Espèces
1001,2,Tecno Spark 10,3,Papa Sow,2023-04-18 00:00:00,3,195000,Wave
1002,6,Huile végétale 5L,2,Amina Sy,2023-10-14 00:00:00,6,36000,Carte Bancaire
1003,2,Tecno Spark 10,7,Khadija Diallo,2024-09-27 00:00:00,5,325000,Espèces
1004,6,Huile végétale 5L,7,Khadija Diallo,2024-11-20 00:00:00,15,90000,MixByYas
1005,1,Samsung Galaxy A23,5,Ibrahima Fall,2024-11-21 00:00:00,4,340000,Carte Bancaire
1006,5,Riz 5kg,7,Khadija Diallo,2023-12-22 00:00:00,1,3500,Espèces
1007,2,Tecno Spark 10,6,Adama Ba,2024-12-18 00:00:00,4,260000,MixByYas
1008,11,iPhone 13,6,Adama Ba,2023-09-20 00:00:00,3,1950000,Espèces
1009,7,Lait hydratant Nivea,6,Adama Ba,2024-03-23 00:00:00,1,7500,MixByYas
1010,2,Tecno Spark 10,5,Ibrahima Fall,2023-04-03 00:00:00,2,130000,Carte Bancaire
1011,5,Riz 5kg,3,Papa Sow,2024-08-17 00:00:00,14,49000,MixByYas
1012,1,Samsung Galaxy A23,7,Khadija Diallo,2023-07-28 00:00:00,2,170000,Espèces
1013,5,Riz 5kg,4,Fatou Ndiaye,2024-12-06 00:00:00,8,28000,Espèces
1014,9,Cahier 200 pages,5,Ibrahima Fall,2023-03-04 00:00:00,4,6000,MixByYas
1015,5,Riz 5kg,5,Ibrahima Fall,2023-05-28 00:00:00,11,38500,Wave
1016,9,Cahier 200 pages,3,Papa Sow,2024-12-12 00:00:00,5,7500,Espèces
1017,5,Riz 5kg,7,Khadija Diallo,2023-04-11 00:00:00,15,52500,Wave
1018,6,Huile végétale 5L,8,Oumar Kane,2024-05-05 00:00:00,10,60000,Espèces
1019,6,Huile végétale 5L,5,Ibrahima Fall,2024-05-28 00:00:00,4,24000,Carte Bancaire
1020,5,Riz 5kg,7,Khadija Diallo,2023-12-01 00:00:00,9,31500,Carte Bancaire
1021,5,Riz 5kg,8,Oumar Kane,2024-05-28 00:00:00,6,21000,Carte Bancaire
1022,1,Samsung Galaxy A23,6,Adama Ba,2024-01-31 00:00:00,2,170000,Espèces
1023,8,Jeans homme,1,Moussa Diop,2024-07-31 00:00:00,4,50000,Wave
1024,4,Réfrigérateur 300L,3,Papa Sow,2023-07-31 00:00:00,1,325000,Wave
1025,1,Samsung Galaxy A23,3,Papa Sow,2024-12-08 00:00:00,2,170000,MixByYas
1026,5,Riz 5kg,5,Ibrahima Fall,2024-01-06 00:00:00,14,49000,Espèces
1027,8,Jeans homme,7,Khadija Diallo,2023-12-04 00:00:00,2,25000,Wave
1028,2,Tecno Spark 10,2,Amina Sy,2024-12-29 00:00:00,4,260000,Espèces
1029,5,Riz 5kg,4,Fatou Ndiaye,2023-02-03 00:00:00,9,31500,MixByYas
1030,5,Riz 5kg,3,Papa Sow,2024-07-06 00:00:00,4,11500,Wave
1031,2,Tecno Spark 10,1,Moussa Diop,2024-04-26 00:00:00,3,195000,Espèces
1032,8,Jeans homme,1,Moussa Diop,2023-05-11 00:00:00,3,37500,Wave
1033,2,Tecno Spark 10,7,Khadija Diallo,2024-07-03 00:00:00,1,65000,Carte Bancaire
1034,10,Ciment 50kg,4,Fatou Ndiaye,2023-06-19 00:00:00,5,275000,Espèces
1035,6,Huile végétale 5L,8,Oumar Kane,2023-01-22 00:00:00,8,48000,Espèces
1036,8,Jeans homme,5,Ibrahima Fall,2024-02-11 00:00:00,5,62500,Espèces
1037,8,Jeans homme,4,Fatou Ndiaye,2024-12-12 00:00:00,3,37500,Carte Bancaire
1038,2,Tecno Spark 10,5,Ibrahima Fall,2023-11-14 00:00:00,4,260000,MixByYas
1039,5,Riz 5kg,2,Amina Sy,2023-03-21 00:00:00,8,28000,Carte Bancaire
1040,4,Réfrigérateur 300L,8,Oumar Kane,2023-12-22 00:00:00,1,325000,MixByYas
1041,5,Riz 5kg,8,Oumar Kane,2023-12-29 00:00:00,1,3500,Espèces
1042,2,Tecno Spark 10,7,Khadija Diallo,2024-12-25 00:00:00,5,325000,Espèces
1043,1,Samsung Galaxy A23,5,Ibrahima Fall,2023-04-06 00:00:00,1,85000,MixByYas
1044,8,Jeans homme,7,Khadija Diallo,2024-04-14 00:00:00,4,50000,Carte Bancaire
1045,5,Riz 5kg,6,Adama Ba,2023-12-27 00:00:00,13,45500,MixByYas
1046,8,Jeans homme,1,Moussa Diop,2024-12-02 00:00:00,2,25000,MixByYas
1047,3,Climatiseur 12000 BTU,4,Fatou Ndiaye,2023-12-20 00:00:00,3,1350000,Wave
1048,2,Tecno Spark 10,8,Oumar Kane,2023-10-23 00:00:00,4,260000,MixByYas
1049,5,Riz 5kg,4,Fatou Ndiaye,2024-06-18 00:00:00,4,11500,Espèces
1050,5,Riz 5kg,7,Khadija Diallo,2023-06-05 00:00:00,1,3500,Espèces
1051,8,Jeans homme,6,Adama Ba,2023-12-25 00:00:00,4,50000,Espèces
1052,9,Cahier 200 pages,1,Moussa Diop,2024-05-30 00:00:00,1,1500,MixByYas
1053,9,Cahier 200 pages,1,Moussa Diop,2023-09-18 00:00:00,4,6000,Espèces
1054,9,Cahier 200 pages,4,Fatou Ndiaye,2024-08-21 00:00:00,4,6000,Carte Bancaire
1055,6,Huile végétale 5L,6,Adama Ba,2023-08-23 00:00:00,1,6000,MixByYas
1056,6,Huile végétale 5L,7,Khadija Diallo,2024-12-12 00:00:00,14,84000,Wave
1057,9,Cahier 200 pages,3,Papa Sow,2023-10-17 00:00:00,3,4500,Carte Bancaire
1058,7,Lait hydratant Nivea,4,Fatou Ndiaye,2023-06-21 00:00:00,1,7500,MixByYas
1059,2,Tecno Spark 10,4,Fatou Ndiaye,2024-01-19 00:00:00,1,65000,Espèces
1060,7,Lait hydratant Nivea,4,Fatou Ndiaye,2023-06-07 00:00:00,2,15000,MixByYas
1061,5,Riz 5kg,7,Khadija Diallo,2024-01-29 00:00:00,6,21000,Wave
1062,6,Huile végétale 5L,6,Adama Ba,2024-12-16 00:00:00,13,78000,MixByYas
1063,6,Huile végétale 5L,7,Khadija Diallo,2023-02-10 00:00:00,3,18000,MixByYas
1064,2,Tecno Spark 10,2,Amina Sy,2024-04-21 00:00:00,1,65000,Carte Bancaire
1065,2,Tecno Spark 10,5,Ibrahima Fall,2023-03-25 00:00:00,1,65000,Carte Bancaire
1066,5,Riz 5kg,5,Ibrahima Fall,2024-12-17 00:00:00,8,28000,Espèces
1067,8,Jeans homme,5,Ibrahima Fall,2024-10-13 00:00:00,5,62500,Espèces
1068,8,Jeans homme,5,Ibrahima Fall,2023-01-05 00:00:00,2,25000,Espèces
1069,6,Huile végétale 5L,4,Fatou Ndiaye,2024-12-19 00:00:00,15,90000,Wave
1070,4,Réfrigérateur 300L,6,Adama Ba,2024-04-30 00:00:00,2,650000,MixByYas
1071,5,Riz 5kg,2,Amina Sy,2024-12-09 00:00:00,9,31500,MixByYas
1072,5,Riz 5kg,3,Papa Sow,2024-12-15 00:00:00,14,49000,Espèces
1073,2,Tecno Spark 10,2,Amina Sy,2023-03-01 00:00:00,3,195000,MixByYas
1074,8,Jeans homme,4,Fatou Ndiaye,2024-08-31 00:00:00,3,37500,Carte Bancaire
1075,5,Riz 5kg,7,Khadija Diallo,2023-03-15 00:00:00,15,52500,MixByYas
1076,5,Riz 5kg,6,Adama Ba,2024-08-26 00:00:00,5,17500,MixByYas
1077,4,Réfrigérateur 300L,8,Oumar Kane,2023-01-14 00:00:00,3,975000,Wave
1078,5,Riz 5kg,2,Amina Sy,2024-11-24 00:00:00,15,52500,Carte Bancaire
1079,8,Jeans homme,5,Ibrahima Fall,2024-02-25 00:00:00,3,37500,Espèces
1080,5,Riz 5kg,8,Oumar Kane,2023-05-12 00:00:00,5,17500,MixByYas
1081,8,Jeans homme,8,Oumar Kane,2023-09-18 00:00:00,4,50000,Espèces
1082,6,Huile végétale 5L,1,Moussa Diop,2023-04-09 00:00:00,8,48000,MixByYas
1083,3,Climatiseur 12000 BTU,5,Ibrahima Fall,2024-12-10 00:00:00,2,900000,Wave
1084,2,Tecno Spark 10,7,Khadija Diallo,2023-12-19 00:00:00,4,260000,Espèces
1085,2,Tecno Spark 10,8,Oumar Kane,2023-04-03 00:00:00,5,325000,Espèces
1086,1,Samsung Galaxy A23,7,Khadija Diallo,2024-06-03 00:00:00,4,340000,Espèces
1087,11,iPhone 13,8,Oumar Kane,2023-04-07 00:00:00,3,1950000,Carte Bancaire
1088,1,Samsung Galaxy A23,4,Fatou Ndiaye,2024-07-09 00:00:00,3,255000,MixByYas
1089,1,Samsung Galaxy A23,5,Ibrahima Fall,2023-05-22 00:00:00,4,340000,MixByYas
1090,12,Sucre 1kg,2,Amina Sy,2024-12-20 00:00:00,2,2400,Wave
1091,8,Jeans homme,1,Moussa Diop,2024-05-31 00:00:00,4,50000,Espèces
1092,3,Climatiseur 12000 BTU,4,Fatou Ndiaye,2024-04-02 00:00:00,3,1350000,Wave
1093,2,Tecno Spark 10,7,Khadija Diallo,2023-12-29 00:00:00,3,195000,Wave
1094,8,Jeans homme,6,Adama Ba,2023-08-01 00:00:00,2,25000,MixByYas
1095,2,Tecno Spark 10,8,Oumar Kane,2023-08-28 00:00:00,4,260000,Espèces
1096,6,Huile végétale 5L,3,Papa Sow,2024-01-26 00:00:00,5,30000,MixByYas
1097,5,Riz 5kg,4,Fatou Ndiaye,2023-05-25 00:00:00,5,17500,Wave
1098,2,Tecno Spark 10,5,Ibrahima Fall,2024-12-21 00:00:00,4,260000,Carte Bancaire
1099,8,Jeans homme,7,Khadija Diallo,2024-01-05 00:00:00,5,62500,Espèces
1100,5,Riz 5kg,7,Khadija Diallo,2024-06-30 00:00:00,14,46500,MixByYas
1101,9,Cahier 200 pages,2,Amina Sy,2023-12-28 00:00:00,1,1500,Carte Bancaire
1102,9,Cahier 200 pages,3,Papa Sow,2024-10-29 00:00:00,4,6000,MixByYas
1103,3,Climatiseur 12000 BTU,7,Khadija Diallo,2024-10-15 00:00:00,3,1349500,Espèces
1104,9,Cahier 200 pages,1,Moussa Diop,2024-09-03 00:00:00,1,1500,MixByYas
1105,7,Lait hydratant Nivea,8,Oumar Kane,2024-12-18 00:00:00,2,15000,Wave
1106,5,Riz 5kg,6,Adama Ba,2023-02-06 00:00:00,10,35000,Carte Bancaire
1107,1,Samsung Galaxy A23,1,Moussa Diop,2024-12-27 00:00:00,4,340000,Carte Bancaire
1108,7,Lait hydratant Nivea,6,Adama Ba,2023-07-18 00:00:00,2,15000,Carte Bancaire
1109,11,iPhone 13,6,Adama Ba,2024-04-12 00:00:00,2,1300000,MixByYas
1110,5,Riz 5kg,7,Khadija Diallo,2023-03-15 00:00:00,3,10500,Espèces
1111,6,Huile végétale 5L,7,Khadija Diallo,2023-10-09 00:00:00,1,6000,Espèces
1112,5,Riz 5kg,5,Ibrahima Fall,2024-07-28 00:00:00,13,43000,Carte Bancaire
1113,6,Huile végétale 5L,3,Papa Sow,2023-06-22 00:00:00,11,66000,Espèces
1114,2,Tecno Spark 10,4,Fatou Ndiaye,2023-07-08 00:00:00,3,195000,Espèces
1115,2,Tecno Spark 10,7,Khadija Diallo,2024-01-12 00:00:00,1,65000,Espèces
1116,7,Lait hydratant Nivea,3,Papa Sow,2024-09-17 00:00:00,4,30000,Espèces
1117,5,Riz 5kg,5,Ibrahima Fall,2024-11-16 00:00:00,2,7000,MixByYas
1118,6,Huile végétale 5L,7,Khadija Diallo,2024-09-12 00:00:00,7,42000,Espèces
1119,2,Tecno Spark 10,2,Amina Sy,2023-04-23 00:00:00,2,130000,Wave
1120,3,Climatiseur 12000 BTU,6,Adama Ba,2023-04-20 00:00:00,3,1350000,Wave
1121,2,Tecno Spark 10,2,Amina Sy,2024-12-13 00:00:00,5,325000,Wave
1122,5,Riz 5kg,1,Moussa Diop,2023-05-03 00:00:00,11,38500,Espèces
1123,9,Cahier 200 pages,4,Fatou Ndiaye,2023-10-01 00:00:00,4,6000,Espèces
1124,5,Riz 5kg,2,Amina Sy,2024-06-07 00:00:00,12,39500,Wave
1125,5,Riz 5kg,6,Adama Ba,2023-01-05 00:00:00,8,28000,MixByYas
1126,1,Samsung Galaxy A23,4,Fatou Ndiaye,2024-04-15 00:00:00,3,245000,Espèces
1127,9,Cahier 200 pages,4,Fatou Ndiaye,2024-09-30 00:00:00,3,4500,Carte Bancaire
1128,1,Samsung Galaxy A23,4,Fatou Ndiaye,2023-02-21 00:00:00,3,255000,Carte Bancaire
1129,4,Réfrigérateur 300L,8,Oumar Kane,2024-12-02 00:00:00,1,325000,Espèces
1130,5,Riz 5kg,6,Adama Ba,2023-12-14 00:00:00,12,42000,Espèces
1131,12,Sucre 1kg,1,Moussa Diop,2023-11-15 00:00:00,2,2400,Espèces
1132,4,Réfrigérateur 300L,3,Papa Sow,2024-02-04 00:00:00,2,650000,Espèces
1133,6,Huile végétale 5L,5,Ibrahima Fall,2023-12-30 00:00:00,1,6000,Wave
1134,1,Samsung Galaxy A23,7,Khadija Diallo,2023-07-05 00:00:00,4,340000,MixByYas
1135,6,Huile végétale 5L,6,Adama Ba,2023-12-19 00:00:00,6,36000,MixByYas
1136,5,Riz 5kg,7,Khadija Diallo,2023-02-12 00:00:00,15,52500,Espèces
1137,4,Réfrigérateur 300L,1,Moussa Diop,2023-09-19 00:00:00,3,975000,Carte Bancaire
1138,6,Huile végétale 5L,7,Khadija Diallo,2023-02-21 00:00:00,1,6000,Espèces
1139,6,Huile végétale 5L,5,Ibrahima Fall,2024-01-11 00:00:00,13,78000,Carte Bancaire
1140,7,Lait hydratant Nivea,1,Moussa Diop,2023-07-01 00:00:00,2,15000,Espèces
1141,8,Jeans homme,6,Adama Ba,2023-05-30 00:00:00,3,37500,Carte Bancaire
1142,1,Samsung Galaxy A23,5,Ibrahima Fall,2023-03-17 00:00:00,1,85000,MixByYas
1143,11,iPhone 13,1,Moussa Diop,2024-03-25 00:00:00,1,650000,Espèces
1144,2,Tecno Spark 10,4,Fatou Ndiaye,2023-12-29 00:00:00,1,65000,Espèces
1145,2,Tecno Spark 10,7,Khadija Diallo,2024-12-12 00:00:00,1,65000,MixByYas
1146,2,Tecno Spark 10,2,Amina Sy,2024-06-22 00:00:00,4,260000,Espèces
1147,8,Jeans homme,2,Amina Sy,2023-06-05 00:00:00,2,25000,Carte Bancaire
1148,9,Cahier 200 pages,7,Khadija Diallo,2024-01-12 00:00:00,4,6000,Carte Bancaire
1149,5,Riz 5kg,3,Papa Sow,2024-05-23 00:00:00,7,24500,MixByYas
1150,6,Huile végétale 5L,3,Papa Sow,2024-01-29 00:00:00,7,42000,Wave
1151,3,Climatiseur 12000 BTU,4,Fatou Ndiaye,2023-03-30 00:00:00,1,450000,Carte Bancaire
1152,6,Huile végétale 5L,4,Fatou Ndiaye,2023-02-16 00:00:00,8,48000,MixByYas
1153,9,Cahier 200 pages,7,Khadija Diallo,2024-12-19 00:00:00,2,3000,Wave
1154,5,Riz 5kg,1,Moussa Diop,2024-09-04 00:00:00,1,3500,Espèces
1155,4,Réfrigérateur 300L,5,Ibrahima Fall,2023-12-06 00:00:00,3,975000,Carte Bancaire
1156,2,Tecno Spark 10,8,Oumar Kane,2024-10-14 00:00:00,2,130000,Wave
1157,11,iPhone 13,1,Moussa Diop,2023-06-28 00:00:00,1,650000,MixByYas
1158,4,Réfrigérateur 300L,2,Amina Sy,2023-12-04 00:00:00,3,975000,Espèces
1159,5,Riz 5kg,7,Khadija Diallo,2024-09-21 00:00:00,12,42000,Espèces
1160,7,Lait hydratant Nivea,2,Amina Sy,2023-11-09 00:00:00,1,7500,Wave
1161,1,Samsung Galaxy A23,4,Fatou Ndiaye,2024-09-10 00:00:00,2,170000,Wave
1162,8,Jeans homme,5,Ibrahima Fall,2023-07-14 00:00:00,4,50000,Espèces
1163,7,Lait hydratant Nivea,3,Papa Sow,2024-04-13 00:00:00,4,30000,Carte Bancaire
1164,8,Jeans homme,1,Moussa Diop,2023-07-30 00:00:00,3,37500,Wave
1165,7,Lait hydratant Nivea,7,Khadija Diallo,2024-08-23 00:00:00,1,7500,Wave
1166,8,Jeans homme,6,Adama Ba,2023-02-12 00:00:00,3,37500,Carte Bancaire
1167,12,Sucre 1kg,2,Amina Sy,2023-04-13 00:00:00,4,4800,Carte Bancaire
1168,2,Tecno Spark 10,6,Adama Ba,2024-10-08 00:00:00,4,260000,Carte Bancaire
1169,2,Tecno Spark 10,7,Khadija Diallo,2023-09-09 00:00:00,4,260000,Wave
1170,2,Tecno Spark 10,4,Fatou Ndiaye,2023-09-01 00:00:00,5,325000,Wave
1171,5,Riz 5kg,8,Oumar Kane,2024-04-24 00:00:00,15,52500,Carte Bancaire
1172,8,Jeans homme,8,Oumar Kane,2024-11-01 00:00:00,5,62500,Carte Bancaire
1173,4,Réfrigérateur 300L,5,Ibrahima Fall,2024-12-14 00:00:00,3,975000,Wave
1174,9,Cahier 200 pages,6,Adama Ba,2024-08-02 00:00:00,2,3000,Espèces
1175,4,Réfrigérateur 300L,1,Moussa Diop,2023-07-10 00:00:00,2,650000,Carte Bancaire
1176,4,Réfrigérateur 300L,3,Papa Sow,2024-08-09 00:00:00,1,325000,MixByYas
1177,5,Riz 5kg,2,Amina Sy,2024-01-08 00:00:00,3,10500,Carte Bancaire
1178,5,Riz 5kg,4,Fatou Ndiaye,2024-07-07 00:00:00,9,29000,Wave
1179,5,Riz 5kg,4,Fatou Ndiaye,2024-12-31 00:00:00,6,21000,MixByYas
1180,5,Riz 5kg,6,Adama Ba,2024-02-07 00:00:00,1,3500,Wave
1181,6,Huile végétale 5L,3,Papa Sow,2023-08-30 00:00:00,2,12000,Espèces
1182,6,Huile végétale 5L,7,Khadija Diallo,2024-03-03 00:00:00,2,12000,Espèces
1183,3,Climatiseur 12000 BTU,6,Adama Ba,2024-05-29 00:00:00,3,1350000,MixByYas
1184,5,Riz 5kg,3,Papa Sow,2023-04-22 00:00:00,12,42000,MixByYas
1185,5,Riz 5kg,3,Papa Sow,2023-05-06 00:00:00,1,3500,Carte Bancaire
1186,9,Cahier 200 pages,5,Ibrahima Fall,2023-05-11 00:00:00,5,7500,Carte Bancaire
1187,5,Riz 5kg,2,Amina Sy,2024-09-26 00:00:00,10,35000,Espèces
1188,1,Samsung Galaxy A23,2,Amina Sy,2023-04-12 00:00:00,5,425000,Espèces
1189,2,Tecno Spark 10,4,Fatou Ndiaye,2024-02-05 00:00:00,1,65000,Carte Bancaire
1190,6,Huile végétale 5L,1,Moussa Diop,2024-08-29 00:00:00,15,90000,Espèces
1191,1,Samsung Galaxy A23,6,Adama Ba,2024-05-26 00:00:00,4,340000,Wave
1192,1,Samsung Galaxy A23,1,Moussa Diop,2023-12-21 00:00:00,4,340000,MixByYas
1193,5,Riz 5kg,6,Adama Ba,2024-03-14 00:00:00,15,52500,Espèces
1194,4,Réfrigérateur 300L,3,Papa Sow,2024-10-09 00:00:00,2,650000,MixByYas
1195,3,Climatiseur 12000 BTU,3,Papa Sow,2024-11-16 00:00:00,1,450000,Espèces
1196,7,Lait hydratant Nivea,2,Amina Sy,2024-12-07 00:00:00,3,22500,Espèces
1197,2,Tecno Spark 10,1,Moussa Diop,2023-07-24 00:00:00,4,260000,Espèces
1198,6,Huile végétale 5L,1,Moussa Diop,2024-09-27 00:00:00,9,54000,Espèces
1199,8,Jeans homme,5,Ibrahima Fall,2023-06-11 00:00:00,2,25000,MixByYas
1200,11,iPhone 13,7,Khadija Diallo,2023-01-24 00:00:00,3,1950000,Wave
